date,code,open,close,high,low,volume
2020-01-02,600448,5.46,5.51,5.56,5.44,64628.0
2020-01-03,600448,5.5,5.5,5.6,5.5,44928.0
2020-01-06,600448,5.45,5.68,5.7,5.45,93607.0
2020-01-07,600448,5.66,6.16,6.22,5.64,143752.0
2020-01-08,600448,6.11,5.82,6.21,5.77,117159.0
2020-01-09,600448,5.88,6.23,6.4,5.88,203575.0
2020-01-10,600448,6.26,6.24,6.29,6.09,94818.0
2020-01-13,600448,6.2,6.29,6.4,6.13,119019.0
2020-01-14,600448,6.29,6.13,6.34,6.12,92092.0
2020-01-15,600448,6.13,6.05,6.19,5.98,112902.0
2020-01-16,600448,6.13,5.71,6.13,5.55,202101.0
2020-01-17,600448,5.71,5.62,5.79,5.58,89705.0
2020-01-20,600448,5.7,5.49,5.71,5.44,71665.0
2020-01-21,600448,5.52,5.3,5.52,5.23,88816.0
2020-01-22,600448,5.32,5.16,5.32,5.08,73403.0
2020-01-23,600448,5.17,5.0,5.2,4.95,89505.0
2020-02-03,600448,4.5,4.5,4.75,4.5,192456.0
2020-02-04,600448,4.38,4.82,4.95,4.38,215846.0
2020-02-05,600448,4.8,5.01,5.07,4.75,168610.0
2020-02-06,600448,5.09,5.45,5.51,4.93,251746.0
2020-02-07,600448,5.68,6.0,6.0,5.2,240138.0
2020-02-10,600448,6.6,6.33,6.6,5.9,812446.0
2020-02-11,600448,6.01,5.7,6.01,5.7,371436.0
2020-02-12,600448,5.57,5.57,5.67,5.37,333841.0
2020-02-13,600448,5.6,5.65,5.83,5.33,322268.0
2020-02-14,600448,5.51,5.36,5.6,5.32,195960.0
2020-02-17,600448,5.35,5.38,5.41,5.27,163910.0
2020-02-18,600448,5.39,5.41,5.47,5.31,176122.0
2020-02-19,600448,5.38,5.23,5.39,5.23,144869.0
2020-02-20,600448,5.25,5.27,5.3,5.1,159437.0
2020-02-21,600448,5.26,5.32,5.37,5.24,155976.0
2020-02-24,600448,5.39,5.72,5.79,5.39,377584.0
2020-02-25,600448,5.69,5.91,6.08,5.57,498704.0
2020-02-26,600448,5.98,5.66,6.11,5.61,355872.0
2020-02-27,600448,5.66,5.48,5.78,5.4,247440.0
2020-02-28,600448,5.39,6.03,6.03,5.39,789186.0
2020-03-02,600448,6.03,6.5,6.63,5.85,1185854.0
2020-03-03,600448,6.1,6.64,6.9,6.06,1016845.0
2020-03-04,600448,6.51,6.5,6.84,6.34,636495.0
2020-03-05,600448,6.52,6.69,6.69,6.25,595380.0
2020-03-06,600448,6.7,7.36,7.36,6.65,713511.0
2020-03-09,600448,7.87,8.1,8.1,7.21,1422829.0
2020-03-10,600448,7.29,7.29,7.7,7.29,1015348.0
2020-03-11,600448,6.9,6.94,7.4,6.62,735604.0
2020-03-12,600448,7.02,6.63,7.2,6.39,606001.0
2020-03-13,600448,6.16,6.14,6.35,5.98,566175.0
2020-03-16,600448,6.28,6.4,6.66,6.21,595869.0
2020-03-17,600448,6.3,5.94,6.3,5.76,516464.0
2020-03-18,600448,5.95,5.67,6.06,5.66,399056.0
2020-03-19,600448,5.55,5.33,5.62,5.2,417261.0
2020-03-20,600448,5.42,5.4,5.52,5.32,256842.0
2020-03-23,600448,5.43,5.05,5.53,4.99,294872.0
2020-03-24,600448,5.15,4.97,5.18,4.75,293893.0
2020-03-25,600448,5.06,5.32,5.41,5.02,350469.0
2020-03-26,600448,5.3,5.31,5.44,5.15,301380.0
2020-03-27,600448,5.36,5.57,5.63,5.25,423305.0
2020-03-30,600448,5.56,5.57,5.84,5.39,386473.0
2020-03-31,600448,5.53,5.23,5.53,5.23,262262.0
2020-04-01,600448,5.15,5.18,5.28,5.02,192860.0
2020-04-02,600448,5.11,5.25,5.29,5.11,170344.0
2020-04-03,600448,5.23,5.36,5.48,5.2,224045.0
2020-04-07,600448,5.45,5.47,5.59,5.35,272339.0
2020-04-08,600448,5.44,5.47,5.55,5.41,227360.0
2020-04-09,600448,5.5,5.45,5.52,5.39,179773.0
2020-04-10,600448,5.47,5.23,5.48,5.16,180967.0
2020-04-13,600448,5.2,5.51,5.51,5.14,284734.0
2020-04-14,600448,5.55,5.41,5.6,5.31,220593.0
2020-04-15,600448,5.46,5.38,5.52,5.36,185017.0
2020-04-16,600448,5.32,5.24,5.34,5.18,158720.0
2020-04-17,600448,5.25,5.11,5.26,5.11,177340.0
2020-04-20,600448,5.13,5.14,5.16,5.09,97358.0
2020-04-21,600448,5.12,5.08,5.19,5.05,101773.0
2020-04-22,600448,5.05,5.05,5.09,4.97,134955.0
2020-04-23,600448,5.05,4.93,5.07,4.92,141502.0
2020-04-24,600448,4.91,4.72,4.93,4.7,153098.0
2020-04-27,600448,4.71,4.77,4.85,4.59,107375.0
2020-04-28,600448,4.8,4.78,4.87,4.6,105425.0
2020-04-29,600448,4.79,4.73,4.81,4.72,72118.0
2020-04-30,600448,4.73,4.8,4.83,4.73,90947.0
2020-05-06,600448,4.69,4.83,4.84,4.69,85879.0
2020-05-07,600448,4.85,4.93,4.94,4.81,121725.0
2020-05-08,600448,4.95,4.91,4.96,4.88,84794.0
2020-05-11,600448,4.92,4.81,4.93,4.79,105524.0
2020-05-12,600448,4.82,4.85,4.95,4.8,88966.0
2020-05-13,600448,4.84,4.93,4.94,4.8,115237.0
2020-05-14,600448,4.88,4.78,4.91,4.77,100119.0
2020-05-15,600448,4.79,4.74,4.83,4.72,68416.0
2020-05-18,600448,4.74,4.67,4.77,4.63,84566.0
2020-05-19,600448,4.7,4.66,4.72,4.62,70513.0
2020-05-20,600448,4.66,4.65,4.7,4.63,64981.0
2020-05-21,600448,4.67,4.57,4.68,4.55,66721.0
2020-05-22,600448,4.56,4.44,4.57,4.38,97946.0
2020-05-25,600448,4.42,4.56,4.63,4.42,95455.0
2020-05-26,600448,4.52,4.54,4.56,4.49,66737.0
2020-05-27,600448,4.54,4.74,4.82,4.48,181866.0
2020-05-28,600448,4.89,4.77,5.21,4.73,282212.0
2020-05-29,600448,4.68,5.04,5.05,4.64,256643.0
2020-06-01,600448,4.9,5.02,5.12,4.85,289721.0
2020-06-02,600448,5.01,4.94,5.04,4.89,199897.0
2020-06-03,600448,4.91,4.93,5.04,4.85,156075.0
2020-06-04,600448,4.91,4.85,4.93,4.83,101655.0
2020-06-05,600448,4.88,5.01,5.05,4.83,151123.0
2020-06-08,600448,5.0,5.08,5.15,4.97,219824.0
2020-06-09,600448,4.94,5.05,5.11,4.92,188631.0
2020-06-10,600448,5.1,4.99,5.14,4.97,174151.0
2020-06-11,600448,4.2,4.32,4.35,4.02,202116.0
2020-06-12,600448,4.17,4.17,4.33,4.13,222245.0
2020-06-15,600448,4.25,4.22,4.27,4.07,274287.0
2020-06-16,600448,4.2,4.16,4.23,4.14,130357.0
2020-06-17,600448,4.15,4.14,4.18,4.12,96245.0
2020-06-18,600448,4.14,4.09,4.14,4.08,103144.0
2020-06-19,600448,4.09,4.06,4.1,4.05,88322.0
2020-06-22,600448,4.06,4.07,4.1,4.02,95739.0
2020-06-23,600448,4.08,3.99,4.08,3.99,93847.0
2020-06-24,600448,3.96,3.91,3.98,3.89,104676.0
2020-06-29,600448,3.89,3.91,3.98,3.83,74417.0
2020-06-30,600448,3.9,3.91,3.94,3.89,68610.0
2020-07-01,600448,3.92,3.91,3.93,3.88,64996.0
2020-07-02,600448,3.89,3.96,3.97,3.89,95502.0
2020-07-03,600448,3.98,4.01,4.02,3.93,123679.0
2020-07-06,600448,4.01,4.13,4.15,4.01,189182.0
2020-07-07,600448,4.18,4.16,4.21,4.07,267392.0
2020-07-08,600448,4.14,4.18,4.19,4.1,208781.0
2020-07-09,600448,4.19,4.26,4.28,4.16,262533.0
2020-07-10,600448,4.28,4.24,4.33,4.22,299177.0
2020-07-13,600448,4.26,4.32,4.35,4.23,284562.0
2020-07-14,600448,4.35,4.36,4.43,4.25,300366.0
2020-07-15,600448,4.38,4.24,4.38,4.19,206099.0
2020-07-16,600448,4.22,4.09,4.24,4.06,189437.0
2020-07-17,600448,4.06,4.11,4.15,4.05,105899.0
2020-07-20,600448,4.13,4.3,4.4,4.11,257716.0
2020-07-21,600448,4.29,4.28,4.36,4.24,185437.0
2020-07-22,600448,4.26,4.21,4.3,4.19,175358.0
2020-07-23,600448,4.2,4.1,4.21,4.06,226601.0
2020-07-24,600448,4.09,3.93,4.12,3.92,189258.0
2020-07-27,600448,3.95,3.92,3.96,3.84,100209.0
2020-07-28,600448,3.95,4.03,4.04,3.92,110956.0
2020-07-29,600448,4.0,4.07,4.08,3.96,105161.0
2020-07-30,600448,4.05,4.03,4.09,4.03,107968.0
2020-07-31,600448,4.03,4.1,4.12,4.0,152446.0
2020-08-03,600448,4.11,4.16,4.17,4.09,159173.0
2020-08-04,600448,4.17,4.15,4.22,4.11,175504.0
2020-08-05,600448,4.15,4.24,4.34,4.1,316278.0
2020-08-06,600448,4.24,4.13,4.24,4.09,245310.0
2020-08-07,600448,4.1,4.02,4.13,3.97,190301.0
2020-08-10,600448,4.0,4.09,4.11,4.0,131496.0
2020-08-11,600448,4.08,4.0,4.1,3.98,136967.0
2020-08-12,600448,4.0,3.99,4.01,3.91,145101.0
2020-08-13,600448,4.0,4.04,4.08,4.0,120745.0
2020-08-14,600448,4.02,4.05,4.06,3.97,85961.0
2020-08-17,600448,4.05,4.12,4.19,4.03,184512.0
2020-08-18,600448,4.21,4.16,4.29,4.13,276337.0
2020-08-19,600448,4.18,4.11,4.18,4.06,191164.0
2020-08-20,600448,4.14,4.13,4.21,4.08,181009.0
2020-08-21,600448,4.12,4.14,4.22,4.1,149062.0
2020-08-24,600448,4.14,4.16,4.17,4.1,130756.0
2020-08-25,600448,4.15,4.1,4.17,4.09,164673.0
2020-08-26,600448,4.11,4.02,4.15,4.01,126679.0
2020-08-27,600448,4.02,4.05,4.06,3.98,101341.0
2020-08-28,600448,4.06,4.08,4.11,4.0,103408.0
2020-08-31,600448,4.11,4.07,4.14,4.07,114159.0
2020-09-01,600448,4.07,4.11,4.11,4.06,99964.0
2020-09-02,600448,4.13,4.09,4.13,4.04,113647.0
2020-09-03,600448,4.1,4.07,4.1,4.04,90180.0
2020-09-04,600448,4.0,4.05,4.06,3.98,103117.0
2020-09-07,600448,4.04,4.06,4.14,4.03,115578.0
2020-09-08,600448,4.07,4.14,4.15,4.03,202736.0
2020-09-09,600448,4.12,4.12,4.21,4.09,291810.0
2020-09-10,600448,4.15,4.02,4.17,4.0,223156.0
2020-09-11,600448,3.99,4.04,4.04,3.95,86887.0
2020-09-14,600448,4.03,4.02,4.08,3.99,77764.0
2020-09-15,600448,4.01,4.22,4.24,3.98,438917.0
2020-09-16,600448,4.2,4.15,4.2,4.1,336521.0
2020-09-17,600448,4.17,4.14,4.25,4.11,245637.0
2020-09-18,600448,4.11,4.13,4.13,4.04,199585.0
2020-09-21,600448,4.12,4.18,4.2,4.09,202300.0
2020-09-22,600448,4.15,4.12,4.21,4.08,200992.0
2020-09-23,600448,4.11,4.2,4.25,4.11,274190.0
2020-09-24,600448,4.17,4.22,4.24,4.12,293801.0
2020-09-25,600448,4.24,4.14,4.26,4.12,224507.0
2020-09-28,600448,4.12,3.96,4.13,3.96,225300.0
2020-09-29,600448,3.95,4.0,4.01,3.86,154384.0
2020-09-30,600448,4.01,3.91,4.01,3.9,107929.0
2020-10-09,600448,3.94,3.98,4.0,3.94,87956.0
2020-10-12,600448,4.01,4.07,4.08,3.99,158231.0
2020-10-13,600448,4.07,4.06,4.07,4.03,106286.0
2020-10-14,600448,4.1,4.16,4.27,4.09,429439.0
2020-10-15,600448,4.25,4.49,4.58,4.16,890275.0
2020-10-16,600448,4.46,4.4,4.76,4.37,1066969.0
2020-10-19,600448,4.47,4.51,4.68,4.43,689019.0
2020-10-20,600448,4.46,4.41,4.48,4.27,467794.0
2020-10-21,600448,4.48,4.56,4.75,4.33,719984.0
2020-10-22,600448,4.48,4.44,4.65,4.42,446751.0
2020-10-23,600448,4.47,4.56,4.58,4.38,508037.0
2020-10-26,600448,4.51,4.58,4.73,4.45,430347.0
2020-10-27,600448,4.52,4.32,4.55,4.3,489236.0
2020-10-28,600448,4.32,4.19,4.35,4.16,353328.0
2020-10-29,600448,4.14,4.14,4.22,4.1,231295.0
2020-10-30,600448,4.14,3.98,4.15,3.96,298796.0
2020-11-02,600448,3.97,3.99,4.05,3.95,157763.0
2020-11-03,600448,4.02,4.06,4.11,4.0,147824.0
2020-11-04,600448,4.07,3.98,4.07,3.96,153592.0
2020-11-05,600448,4.01,4.03,4.04,3.98,155821.0
2020-11-06,600448,4.02,3.96,4.03,3.95,153210.0
2020-11-09,600448,3.98,4.01,4.02,3.96,164566.0
2020-11-10,600448,4.02,3.96,4.04,3.94,155361.0
2020-11-11,600448,3.96,3.98,3.98,3.89,153547.0
2020-11-12,600448,3.98,3.97,4.0,3.93,110832.0
2020-11-13,600448,3.98,3.96,3.99,3.94,61140.0
2020-11-16,600448,4.06,4.08,4.11,4.01,215686.0
2020-11-17,600448,4.07,4.04,4.1,4.01,167447.0
2020-11-18,600448,4.04,4.06,4.1,4.03,159181.0
2020-11-19,600448,4.02,4.02,4.05,4.0,130316.0
2020-11-20,600448,4.01,4.01,4.02,3.99,99908.0
2020-11-23,600448,4.01,4.05,4.08,3.99,138067.0
2020-11-24,600448,4.04,4.01,4.05,4.0,101322.0
2020-11-25,600448,4.01,3.94,4.02,3.93,135468.0
2020-11-26,600448,3.94,3.93,3.94,3.9,86379.0
2020-11-27,600448,3.93,3.91,3.93,3.88,80997.0
2020-11-30,600448,3.89,3.93,3.96,3.88,93326.0
2020-12-01,600448,3.92,3.94,3.96,3.91,85508.0
2020-12-02,600448,3.92,3.95,3.96,3.92,70660.0
2020-12-03,600448,3.95,3.93,3.95,3.91,52519.0
2020-12-04,600448,3.92,3.97,3.98,3.92,98556.0
2020-12-07,600448,3.97,4.0,4.03,3.94,146738.0
2020-12-08,600448,4.0,3.95,4.0,3.94,99504.0
2020-12-09,600448,3.95,3.9,3.95,3.9,95589.0
2020-12-10,600448,3.89,3.88,3.92,3.88,59487.0
2020-12-11,600448,3.89,3.77,3.9,3.74,135285.0
2020-12-14,600448,3.77,3.79,3.82,3.72,52281.0
2020-12-15,600448,3.77,3.8,3.88,3.76,77965.0
2020-12-16,600448,3.78,3.73,3.8,3.73,60780.0
2020-12-17,600448,3.73,3.72,3.73,3.62,82712.0
2020-12-18,600448,3.7,3.71,3.74,3.68,44480.0
2020-12-21,600448,3.71,3.73,3.75,3.68,48303.0
2020-12-22,600448,3.72,3.81,3.91,3.69,209662.0
2020-12-23,600448,3.77,3.74,3.81,3.72,112280.0
2020-12-24,600448,3.7,3.65,3.72,3.62,104705.0
2020-12-25,600448,3.64,3.64,3.69,3.61,93078.0
2020-12-28,600448,3.65,3.65,3.72,3.62,95116.0
2020-12-29,600448,3.64,3.69,3.7,3.63,86247.0
2020-12-30,600448,3.67,3.65,3.68,3.63,74879.0
2020-12-31,600448,3.65,3.67,3.69,3.64,79039.0
2021-01-04,600448,3.67,3.66,3.67,3.61,98367.0
2021-01-05,600448,3.65,3.55,3.65,3.54,146404.0
2021-01-06,600448,3.53,3.57,3.61,3.46,141449.0
2021-01-07,600448,3.53,3.39,3.54,3.35,142203.0
2021-01-08,600448,3.36,3.37,3.41,3.29,91608.0
2021-01-11,600448,3.37,3.19,3.37,3.17,146358.0
2021-01-12,600448,3.2,3.2,3.25,3.16,58236.0
2021-01-13,600448,3.2,3.17,3.24,3.13,85730.0
2021-01-14,600448,3.2,3.29,3.44,3.19,142133.0
2021-01-15,600448,3.23,3.36,3.38,3.23,95804.0
2021-01-18,600448,3.35,3.33,3.4,3.32,82685.0
2021-01-19,600448,3.34,3.37,3.39,3.31,76601.0
2021-01-20,600448,3.37,3.39,3.48,3.34,95456.0
2021-01-21,600448,3.39,3.38,3.45,3.33,80503.0
2021-01-22,600448,3.37,3.25,3.39,3.24,91479.0
2021-01-25,600448,3.26,3.17,3.27,3.13,146890.0
2021-01-26,600448,3.16,3.16,3.19,3.11,56863.0
2021-01-27,600448,3.17,3.16,3.19,3.13,53062.0
2021-01-28,600448,3.14,3.17,3.21,3.13,63368.0
2021-01-29,600448,3.33,3.2,3.35,3.18,125631.0
2021-02-01,600448,3.13,3.17,3.19,3.12,80342.0
2021-02-02,600448,3.15,3.15,3.2,3.13,64854.0
2021-02-03,600448,3.16,3.11,3.16,3.1,55880.0
2021-02-04,600448,3.1,3.05,3.12,3.01,65120.0
2021-02-05,600448,3.05,3.04,3.13,3.0,69217.0
2021-02-08,600448,3.03,3.04,3.08,3.02,42139.0
2021-02-09,600448,3.05,3.05,3.07,3.02,58606.0
2021-02-10,600448,3.07,3.07,3.07,3.04,51790.0
2021-02-18,600448,3.09,3.26,3.34,3.09,178904.0
2021-02-19,600448,3.24,3.3,3.34,3.2,124672.0
2021-02-22,600448,3.3,3.35,3.42,3.3,175427.0
2021-02-23,600448,3.32,3.3,3.39,3.3,100821.0
2021-02-24,600448,3.3,3.31,3.36,3.28,72272.0
2021-02-25,600448,3.32,3.29,3.34,3.28,61551.0
2021-02-26,600448,3.28,3.28,3.32,3.24,77866.0
2021-03-01,600448,3.29,3.34,3.35,3.27,79990.0
2021-03-02,600448,3.37,3.35,3.47,3.32,118611.0
2021-03-03,600448,3.33,3.36,3.37,3.31,83095.0
2021-03-04,600448,3.36,3.39,3.45,3.34,127320.0
2021-03-05,600448,3.4,3.42,3.43,3.38,89513.0
2021-03-08,600448,3.41,3.39,3.46,3.37,106581.0
2021-03-09,600448,3.4,3.33,3.42,3.24,126179.0
2021-03-10,600448,3.33,3.24,3.35,3.23,88364.0
2021-03-11,600448,3.25,3.3,3.3,3.22,52592.0
2021-03-12,600448,3.31,3.32,3.33,3.26,63306.0
2021-03-15,600448,3.33,3.34,3.36,3.31,58337.0
2021-03-16,600448,3.34,3.37,3.38,3.33,61303.0
2021-03-17,600448,3.38,3.36,3.39,3.33,61962.0
2021-03-18,600448,3.35,3.38,3.45,3.33,126241.0
2021-03-19,600448,3.36,3.44,3.51,3.35,213984.0
2021-03-22,600448,3.45,3.42,3.47,3.41,98696.0
2021-03-23,600448,3.42,3.39,3.43,3.36,72230.0
2021-03-24,600448,3.38,3.36,3.4,3.34,60545.0
2021-03-25,600448,3.47,3.48,3.54,3.42,222254.0
2021-03-26,600448,3.5,3.57,3.69,3.47,238841.0
2021-03-29,600448,3.57,3.5,3.59,3.48,165725.0
2021-03-30,600448,3.52,3.43,3.54,3.41,139208.0
2021-03-31,600448,3.41,3.45,3.47,3.39,76494.0
2021-04-01,600448,3.45,3.44,3.46,3.4,80691.0
2021-04-02,600448,3.44,3.42,3.47,3.39,97788.0
2021-04-06,600448,3.41,3.41,3.43,3.38,84423.0
2021-04-07,600448,3.41,3.41,3.44,3.39,92900.0
2021-04-08,600448,3.41,3.34,3.42,3.33,110610.0
2021-04-09,600448,3.34,3.36,3.37,3.31,60785.0
2021-04-12,600448,3.35,3.32,3.37,3.31,79619.0
2021-04-13,600448,3.31,3.25,3.33,3.24,83949.0
2021-04-14,600448,3.26,3.29,3.3,3.23,63463.0
2021-04-15,600448,3.28,3.31,3.33,3.27,79294.0
2021-04-16,600448,3.31,3.38,3.38,3.29,97497.0
2021-04-19,600448,3.37,3.37,3.41,3.36,78392.0
2021-04-20,600448,3.37,3.33,3.38,3.33,71475.0
2021-04-21,600448,3.32,3.29,3.34,3.28,81143.0
2021-04-22,600448,3.29,3.3,3.34,3.28,62679.0
2021-04-23,600448,3.29,3.23,3.3,3.21,89553.0
2021-04-26,600448,3.26,3.24,3.38,3.24,104759.0
2021-04-27,600448,3.24,3.25,3.28,3.18,72171.0
2021-04-28,600448,3.25,3.24,3.27,3.21,47269.0
2021-04-29,600448,3.2,3.19,3.23,3.18,65434.0
2021-04-30,600448,3.18,3.14,3.19,3.11,79057.0
2021-05-06,600448,3.14,3.18,3.23,3.12,55585.0
2021-05-07,600448,3.18,3.19,3.22,3.16,66438.0
2021-05-10,600448,3.18,3.21,3.23,3.17,63451.0
2021-05-11,600448,3.21,3.23,3.23,3.17,76022.0
2021-05-12,600448,3.21,3.26,3.27,3.2,88830.0
2021-05-13,600448,3.24,3.31,3.4,3.23,234891.0
2021-05-14,600448,3.32,3.28,3.35,3.26,157448.0
2021-05-17,600448,3.26,3.2,3.27,3.2,106988.0
2021-05-18,600448,3.21,3.23,3.23,3.18,46708.0
2021-05-19,600448,3.18,3.19,3.21,3.17,52855.0
2021-05-20,600448,3.17,3.17,3.19,3.15,43625.0
2021-05-21,600448,3.18,3.19,3.2,3.16,50182.0
2021-05-24,600448,3.18,3.21,3.23,3.18,55793.0
2021-05-25,600448,3.2,3.28,3.28,3.18,97406.0
2021-05-26,600448,3.25,3.27,3.29,3.23,105915.0
2021-05-27,600448,3.25,3.25,3.28,3.25,69797.0
2021-05-28,600448,3.29,3.58,3.58,3.29,283469.0
2021-05-31,600448,3.64,3.51,3.64,3.45,700120.0
2021-06-01,600448,3.48,3.57,3.73,3.43,572684.0
2021-06-02,600448,3.52,3.47,3.58,3.45,338298.0
2021-06-03,600448,3.46,3.42,3.52,3.41,222024.0
2021-06-04,600448,3.41,3.38,3.45,3.36,169827.0
2021-06-07,600448,3.36,3.4,3.41,3.35,136429.0
2021-06-08,600448,3.37,3.41,3.42,3.37,130727.0
2021-06-09,600448,3.42,3.39,3.42,3.37,112006.0
2021-06-10,600448,3.36,3.38,3.39,3.33,128206.0
2021-06-11,600448,3.38,3.42,3.45,3.37,172825.0
2021-06-15,600448,3.41,3.35,3.43,3.26,215541.0
2021-06-16,600448,3.34,3.31,3.36,3.29,96359.0
2021-06-17,600448,3.31,3.3,3.32,3.26,78537.0
2021-06-18,600448,3.31,3.33,3.34,3.27,74904.0
2021-06-21,600448,3.3,3.34,3.37,3.3,86548.0
2021-06-22,600448,3.34,3.39,3.47,3.33,161541.0
2021-06-23,600448,3.38,3.34,3.39,3.32,98648.0
2021-06-24,600448,3.33,3.33,3.35,3.3,64924.0
2021-06-25,600448,3.32,3.32,3.34,3.29,67290.0
2021-06-28,600448,3.32,3.35,3.38,3.3,80112.0
2021-06-29,600448,3.36,3.31,3.37,3.31,48042.0
2021-06-30,600448,3.3,3.29,3.33,3.28,72458.0
2021-07-01,600448,3.31,3.26,3.32,3.26,66753.0
2021-07-02,600448,3.26,3.21,3.27,3.15,75841.0
2021-07-05,600448,3.21,3.23,3.24,3.19,46523.0
2021-07-06,600448,3.24,3.24,3.25,3.2,48004.0
2021-07-07,600448,3.22,3.23,3.24,3.22,44640.0
2021-07-08,600448,3.24,3.19,3.25,3.19,60707.0
2021-07-09,600448,3.21,3.23,3.23,3.18,52345.0
2021-07-12,600448,3.24,3.23,3.27,3.22,63572.0
2021-07-13,600448,3.23,3.23,3.24,3.2,53062.0
2021-07-14,600448,3.23,3.19,3.23,3.19,68486.0
2021-07-15,600448,3.18,3.16,3.19,3.13,64462.0
2021-07-16,600448,3.16,3.18,3.19,3.15,56800.0
2021-07-19,600448,3.17,3.18,3.19,3.13,49807.0
2021-07-20,600448,3.15,3.17,3.18,3.14,30533.0
2021-07-21,600448,3.19,3.19,3.2,3.17,40243.0
2021-07-22,600448,3.19,3.2,3.2,3.17,45546.0
2021-07-23,600448,3.19,3.18,3.2,3.15,50587.0
2021-07-26,600448,3.17,3.21,3.27,3.15,95462.0
2021-07-27,600448,3.19,3.17,3.24,3.17,53131.0
2021-07-28,600448,3.17,3.1,3.17,3.05,73492.0
2021-07-29,600448,3.12,3.1,3.14,3.09,47005.0
2021-07-30,600448,3.1,3.08,3.1,3.04,58630.0
2021-08-02,600448,3.08,3.13,3.14,3.05,68634.0
2021-08-03,600448,3.13,3.15,3.18,3.12,65700.0
2021-08-04,600448,3.14,3.13,3.16,3.11,44194.0
2021-08-05,600448,3.13,3.11,3.15,3.11,41317.0
2021-08-06,600448,3.1,3.12,3.12,3.09,42171.0
2021-08-09,600448,3.13,3.16,3.16,3.12,63550.0
2021-08-10,600448,3.14,3.18,3.19,3.14,51979.0
2021-08-11,600448,3.18,3.17,3.19,3.16,54298.0
2021-08-12,600448,3.18,3.19,3.22,3.14,89722.0
2021-08-13,600448,3.19,3.19,3.21,3.17,44754.0
2021-08-16,600448,3.19,3.2,3.22,3.18,55013.0
2021-08-17,600448,3.19,3.14,3.2,3.12,82585.0
2021-08-18,600448,3.14,3.16,3.17,3.12,50839.0
2021-08-19,600448,3.16,3.16,3.19,3.15,48335.0
2021-08-20,600448,3.17,3.13,3.17,3.11,53063.0
2021-08-23,600448,3.12,3.17,3.19,3.12,54304.0
2021-08-24,600448,3.19,3.2,3.23,3.18,67047.0
2021-08-25,600448,3.21,3.23,3.24,3.19,57202.0
2021-08-26,600448,3.23,3.24,3.27,3.2,79691.0
2021-08-27,600448,3.24,3.24,3.26,3.21,43326.0
2021-08-30,600448,3.23,3.19,3.26,3.19,82967.0
2021-08-31,600448,3.18,3.2,3.22,3.16,61218.0
2021-09-01,600448,3.2,3.2,3.23,3.16,110817.0
2021-09-02,600448,3.19,3.24,3.24,3.18,91203.0
2021-09-03,600448,3.23,3.26,3.27,3.23,76115.0
2021-09-06,600448,3.27,3.27,3.28,3.24,91380.0
2021-09-07,600448,3.27,3.32,3.32,3.26,98503.0
2021-09-08,600448,3.32,3.36,3.37,3.3,117291.0
2021-09-09,600448,3.35,3.36,3.38,3.34,86829.0
2021-09-10,600448,3.36,3.29,3.38,3.29,126169.0
2021-09-13,600448,3.3,3.37,3.37,3.27,105334.0
2021-09-14,600448,3.37,3.32,3.4,3.28,106876.0
2021-09-15,600448,3.29,3.34,3.36,3.28,76108.0
2021-09-16,600448,3.35,3.29,3.37,3.28,147027.0
2021-09-17,600448,3.27,3.24,3.29,3.2,88992.0
2021-09-22,600448,3.21,3.27,3.28,3.2,74662.0
2021-09-23,600448,3.3,3.35,3.39,3.29,160222.0
2021-09-24,600448,3.34,3.32,3.38,3.3,134277.0
2021-09-27,600448,3.34,3.19,3.35,3.17,135218.0
2021-09-28,600448,3.2,3.19,3.23,3.15,70911.0
2021-09-29,600448,3.19,3.12,3.23,3.1,109093.0
2021-09-30,600448,3.12,3.15,3.16,3.11,57587.0
2021-10-08,600448,3.18,3.3,3.37,3.17,183148.0
2021-10-11,600448,3.26,3.3,3.34,3.26,105289.0
2021-10-12,600448,3.31,3.32,3.32,3.23,100438.0
2021-10-13,600448,3.3,3.26,3.32,3.23,65614.0
2021-10-14,600448,3.26,3.26,3.29,3.22,50059.0
2021-10-15,600448,3.26,3.22,3.27,3.21,72778.0
2021-10-18,600448,3.21,3.3,3.3,3.19,70462.0
2021-10-19,600448,3.3,3.24,3.3,3.23,45286.0
2021-10-20,600448,3.26,3.21,3.26,3.2,51074.0
2021-10-21,600448,3.21,3.17,3.23,3.15,73421.0
2021-10-22,600448,3.16,3.15,3.17,3.13,64801.0
2021-10-25,600448,3.14,3.12,3.16,3.09,47149.0
2021-10-26,600448,3.11,3.08,3.14,3.08,49013.0
2021-10-27,600448,3.08,3.03,3.09,3.02,59115.0
2021-10-28,600448,3.04,3.02,3.06,3.01,34549.0
2021-10-29,600448,3.02,3.08,3.11,3.01,45711.0
2021-11-01,600448,3.08,3.1,3.11,3.06,23354.0
2021-11-02,600448,3.08,3.04,3.11,3.01,65561.0
2021-11-03,600448,3.04,3.07,3.08,3.04,29184.0
2021-11-04,600448,3.06,3.05,3.08,3.04,51874.0
2021-11-05,600448,3.04,3.05,3.06,3.04,26151.0
2021-11-08,600448,3.05,3.08,3.09,3.04,35700.0
2021-11-09,600448,3.09,3.07,3.09,3.06,27954.0
2021-11-10,600448,3.07,3.1,3.11,3.05,43175.0
2021-11-11,600448,3.1,3.14,3.16,3.08,96738.0
2021-11-12,600448,3.13,3.11,3.14,3.09,51572.0
2021-11-15,600448,3.12,3.17,3.17,3.1,70061.0
2021-11-16,600448,3.16,3.13,3.19,3.12,50119.0
2021-11-17,600448,3.14,3.19,3.2,3.11,84780.0
2021-11-18,600448,3.19,3.16,3.21,3.15,55233.0
2021-11-19,600448,3.15,3.18,3.19,3.14,45584.0
2021-11-22,600448,3.18,3.16,3.19,3.13,50353.0
2021-11-23,600448,3.15,3.16,3.18,3.14,38458.0
2021-11-24,600448,3.16,3.2,3.23,3.14,84077.0
2021-11-25,600448,3.2,3.2,3.22,3.17,58543.0
2021-11-26,600448,3.2,3.16,3.21,3.15,48871.0
2021-11-29,600448,3.14,3.12,3.14,3.09,52985.0
2021-11-30,600448,3.11,3.16,3.17,3.11,57227.0
2021-12-01,600448,3.16,3.19,3.2,3.15,53559.0
2021-12-02,600448,3.17,3.17,3.2,3.16,46749.0
2021-12-03,600448,3.17,3.18,3.2,3.16,53297.0
2021-12-06,600448,3.19,3.13,3.19,3.11,67519.0
2021-12-07,600448,3.15,3.13,3.16,3.09,47969.0
2021-12-08,600448,3.13,3.11,3.14,3.1,50598.0
2021-12-09,600448,3.12,3.13,3.14,3.1,47439.0
2021-12-10,600448,3.14,3.16,3.19,3.14,87877.0
2021-12-13,600448,3.14,3.14,3.18,3.13,60495.0
2021-12-14,600448,3.13,3.19,3.2,3.13,84126.0
2021-12-15,600448,3.19,3.24,3.3,3.18,165736.0
2021-12-16,600448,3.22,3.24,3.25,3.22,90398.0
2021-12-17,600448,3.25,3.26,3.28,3.23,101656.0
2021-12-20,600448,3.25,3.28,3.31,3.24,124486.0
2021-12-21,600448,3.28,3.41,3.41,3.28,207457.0
2021-12-22,600448,3.43,3.39,3.45,3.35,155437.0
2021-12-23,600448,3.41,3.36,3.41,3.33,100539.0
2021-12-24,600448,3.36,3.32,3.37,3.3,103650.0
2021-12-27,600448,3.32,3.35,3.38,3.31,82247.0
2021-12-28,600448,3.35,3.35,3.37,3.31,71211.0
2021-12-29,600448,3.35,3.34,3.38,3.3,76000.0
2021-12-30,600448,3.33,3.37,3.41,3.33,91982.0
2021-12-31,600448,3.38,3.39,3.42,3.34,86270.0
2022-01-04,600448,3.4,3.46,3.49,3.39,132111.0
2022-01-05,600448,3.46,3.44,3.48,3.39,90055.0
2022-01-06,600448,3.45,3.47,3.51,3.43,119256.0
2022-01-07,600448,3.46,3.37,3.51,3.35,163367.0
2022-01-10,600448,3.39,3.4,3.44,3.34,99833.0
2022-01-11,600448,3.39,3.42,3.47,3.39,86271.0
2022-01-12,600448,3.42,3.44,3.47,3.41,79068.0
2022-01-13,600448,3.45,3.43,3.48,3.42,92337.0
2022-01-14,600448,3.42,3.36,3.47,3.36,105110.0
2022-01-17,600448,3.39,3.43,3.48,3.38,100890.0
2022-01-18,600448,3.44,3.34,3.46,3.31,129994.0
2022-01-19,600448,3.35,3.41,3.42,3.33,97541.0
2022-01-20,600448,3.39,3.31,3.4,3.3,109349.0
2022-01-21,600448,3.31,3.31,3.35,3.28,121759.0
2022-01-24,600448,3.3,3.28,3.33,3.25,72532.0
2022-01-25,600448,3.26,3.16,3.29,3.15,99665.0
2022-01-26,600448,3.15,3.2,3.21,3.13,67660.0
2022-01-27,600448,3.19,3.14,3.22,3.13,125807.0
2022-01-28,600448,3.14,3.25,3.29,3.14,130644.0
2022-02-07,600448,3.25,3.21,3.25,3.14,127743.0
2022-02-08,600448,3.21,3.3,3.32,3.17,120423.0
2022-02-09,600448,3.31,3.29,3.34,3.26,79605.0
2022-02-10,600448,3.29,3.28,3.31,3.25,55575.0
2022-02-11,600448,3.25,3.23,3.28,3.2,80044.0
2022-02-14,600448,3.21,3.26,3.3,3.19,85406.0
2022-02-15,600448,3.25,3.19,3.27,3.17,84151.0
2022-02-16,600448,3.19,3.32,3.37,3.18,261855.0
2022-02-17,600448,3.34,3.32,3.35,3.27,192566.0
2022-02-18,600448,3.3,3.29,3.31,3.25,96542.0
2022-02-21,600448,3.3,3.34,3.35,3.29,103258.0
2022-02-22,600448,3.32,3.27,3.35,3.26,86581.0
2022-02-23,600448,3.28,3.27,3.3,3.25,96320.0
2022-02-24,600448,3.27,3.21,3.33,3.17,159113.0
2022-02-25,600448,3.23,3.36,3.5,3.22,330379.0
2022-02-28,600448,3.34,3.38,3.45,3.3,199758.0
2022-03-01,600448,3.34,3.51,3.65,3.34,379520.0
2022-03-02,600448,3.46,3.5,3.53,3.46,185195.0
2022-03-03,600448,3.49,3.52,3.54,3.47,159995.0
2022-03-04,600448,3.53,3.44,3.54,3.42,201271.0
2022-03-07,600448,3.42,3.46,3.6,3.41,196631.0
2022-03-08,600448,3.48,3.36,3.5,3.34,170156.0
2022-03-09,600448,3.38,3.3,3.46,3.15,188289.0
2022-03-10,600448,3.36,3.37,3.42,3.31,127513.0
2022-03-11,600448,3.33,3.37,3.39,3.24,119939.0
2022-03-14,600448,3.37,3.71,3.71,3.36,914439.0
2022-03-15,600448,3.66,3.5,3.66,3.45,1039127.0
2022-03-16,600448,3.49,3.53,3.55,3.38,789104.0
2022-03-17,600448,3.48,3.54,3.58,3.45,680202.0
2022-03-18,600448,3.5,3.5,3.52,3.45,433066.0
2022-03-21,600448,3.49,3.52,3.56,3.48,390623.0
2022-03-22,600448,3.51,3.46,3.53,3.45,272689.0
2022-03-23,600448,3.46,3.42,3.49,3.39,285277.0
2022-03-24,600448,3.42,3.53,3.63,3.41,552080.0
2022-03-25,600448,3.57,3.74,3.87,3.57,942096.0
2022-03-28,600448,3.69,3.62,3.84,3.6,517761.0
2022-03-29,600448,3.64,3.55,3.7,3.52,373921.0
2022-03-30,600448,3.54,3.55,3.58,3.49,289060.0
2022-03-31,600448,3.53,3.57,3.62,3.53,298054.0
2022-04-01,600448,3.54,3.53,3.62,3.49,223316.0
2022-04-06,600448,3.54,3.69,3.76,3.53,423669.0
2022-04-07,600448,3.68,3.59,3.7,3.56,249871.0
2022-04-08,600448,3.58,3.57,3.61,3.48,213670.0
2022-04-11,600448,3.59,3.59,3.66,3.52,243819.0
2022-04-12,600448,3.59,3.65,3.65,3.47,264479.0
2022-04-13,600448,3.61,3.78,3.92,3.54,548146.0
2022-04-14,600448,3.68,3.73,3.79,3.63,406244.0
2022-04-15,600448,3.71,3.59,3.75,3.55,286977.0
2022-04-18,600448,3.57,3.52,3.58,3.47,221383.0
2022-04-19,600448,3.51,3.61,3.64,3.51,215979.0
2022-04-20,600448,3.7,3.7,3.97,3.65,813125.0
2022-04-21,600448,3.79,3.76,3.96,3.66,1049776.0
2022-04-22,600448,3.72,4.14,4.14,3.68,1614376.0
2022-04-25,600448,4.3,4.55,4.55,4.2,2336322.0
2022-04-26,600448,4.3,4.1,4.39,4.1,1604074.0
2022-04-27,600448,3.69,3.69,3.76,3.69,334903.0
2022-04-28,600448,3.32,3.6,3.95,3.32,1944570.0
2022-04-29,600448,3.39,3.48,3.63,3.38,1357813.0
2022-05-05,600448,3.41,3.83,3.83,3.37,1357844.0
2022-05-06,600448,3.85,3.86,4.18,3.82,1642626.0
2022-05-09,600448,3.82,3.99,4.08,3.82,1311245.0
2022-05-10,600448,3.91,3.92,4.02,3.8,1030580.0
2022-05-11,600448,4.02,4.1,4.31,3.97,1512102.0
2022-05-12,600448,4.07,4.21,4.45,4.0,1581184.0
2022-05-13,600448,4.25,4.1,4.44,4.02,1217793.0
2022-05-16,600448,4.07,4.05,4.17,3.95,859544.0
2022-05-17,600448,4.0,3.65,4.03,3.65,1000381.0
2022-05-18,600448,3.59,4.02,4.02,3.55,1040281.0
2022-05-19,600448,4.0,4.13,4.2,3.95,1394101.0
2022-05-20,600448,4.09,4.14,4.18,4.03,839950.0
2022-05-23,600448,4.14,4.12,4.24,4.06,588596.0
2022-05-24,600448,4.09,4.0,4.13,3.88,698851.0
2022-05-25,600448,3.97,3.99,4.04,3.91,472007.0
2022-05-26,600448,3.97,4.39,4.39,3.88,1272682.0
2022-05-27,600448,4.37,4.21,4.38,4.18,1406369.0
2022-05-30,600448,4.23,4.16,4.3,4.1,710769.0
2022-05-31,600448,4.15,4.24,4.36,4.09,893328.0
2022-06-01,600448,4.15,4.28,4.28,4.08,774072.0
2022-06-02,600448,4.24,4.08,4.24,4.01,675544.0
2022-06-06,600448,4.05,4.12,4.17,4.04,524157.0
2022-06-07,600448,4.11,3.98,4.12,3.92,604957.0
2022-06-08,600448,3.95,4.02,4.03,3.85,543501.0
2022-06-09,600448,3.98,3.91,4.01,3.87,316611.0
2022-06-10,600448,3.91,3.99,4.07,3.88,434699.0
2022-06-13,600448,4.08,4.09,4.2,4.0,639070.0
2022-06-14,600448,4.04,4.15,4.29,4.02,750473.0
2022-06-15,600448,4.18,4.08,4.22,4.08,622612.0
2022-06-16,600448,3.97,4.03,4.1,3.92,426382.0
2022-06-17,600448,4.0,3.91,4.0,3.85,505918.0
2022-06-20,600448,3.92,3.83,3.95,3.83,454710.0
2022-06-21,600448,3.83,3.85,3.86,3.74,388738.0
2022-06-22,600448,3.86,3.75,3.86,3.75,324144.0
2022-06-23,600448,3.71,3.75,3.78,3.62,372975.0
2022-06-24,600448,3.72,3.8,3.84,3.7,377451.0
2022-06-27,600448,3.78,3.75,3.82,3.73,266038.0
2022-06-28,600448,3.74,3.75,3.79,3.69,241127.0
2022-06-29,600448,3.75,3.78,3.84,3.72,366043.0
2022-06-30,600448,3.75,3.74,3.79,3.72,261568.0
2022-07-01,600448,3.74,3.81,3.95,3.66,470805.0
2022-07-04,600448,3.78,3.76,3.84,3.73,265833.0
2022-07-05,600448,3.89,3.93,4.03,3.82,762622.0
2022-07-06,600448,3.9,4.19,4.31,3.83,1251378.0
2022-07-07,600448,4.07,3.95,4.09,3.93,809543.0
2022-07-08,600448,3.93,3.93,3.99,3.87,419231.0
2022-07-11,600448,3.89,3.84,3.9,3.77,383938.0
2022-07-12,600448,3.86,3.81,3.88,3.79,325304.0
2022-07-13,600448,3.77,3.79,3.83,3.75,261854.0
2022-07-14,600448,3.78,3.92,3.93,3.76,460885.0
2022-07-15,600448,3.88,3.68,3.89,3.67,476837.0
2022-07-18,600448,3.63,3.74,3.74,3.6,300178.0
2022-07-19,600448,3.73,3.73,3.78,3.69,226472.0
2022-07-20,600448,3.74,3.71,3.75,3.7,207810.0
2022-07-21,600448,3.7,3.71,3.78,3.67,254212.0
2022-07-22,600448,3.7,3.7,3.76,3.67,201666.0
2022-07-25,600448,3.68,3.75,3.8,3.68,316908.0
2022-07-26,600448,3.73,3.74,3.75,3.68,227384.0
2022-07-27,600448,3.72,3.77,3.8,3.71,231321.0
2022-07-28,600448,3.76,3.75,3.83,3.73,268250.0
2022-07-29,600448,3.73,3.64,3.74,3.64,283581.0
2022-08-01,600448,3.64,3.6,3.67,3.6,183123.0
2022-08-02,600448,3.6,3.34,3.6,3.28,363201.0
2022-08-03,600448,3.33,3.32,3.44,3.3,229060.0
2022-08-04,600448,3.34,3.37,3.38,3.32,152066.0
2022-08-05,600448,3.37,3.38,3.4,3.33,156617.0
2022-08-08,600448,3.38,3.4,3.41,3.37,131211.0
2022-08-09,600448,3.39,3.36,3.39,3.35,98758.0
2022-08-10,600448,3.37,3.34,3.37,3.32,142343.0
2022-08-11,600448,3.35,3.39,3.41,3.33,155310.0
2022-08-12,600448,3.4,3.43,3.44,3.37,147430.0
2022-08-15,600448,3.43,3.44,3.46,3.39,144384.0
2022-08-16,600448,3.48,3.47,3.49,3.44,176021.0
2022-08-17,600448,3.46,3.45,3.47,3.44,128094.0
2022-08-18,600448,3.44,3.42,3.45,3.4,122924.0
2022-08-19,600448,3.43,3.44,3.48,3.42,171607.0
2022-08-22,600448,3.46,3.5,3.51,3.46,194831.0
2022-08-23,600448,3.56,3.61,3.66,3.5,325668.0
2022-08-24,600448,3.55,3.55,3.64,3.51,328952.0
2022-08-25,600448,3.56,3.48,3.58,3.44,220339.0
2022-08-26,600448,3.47,3.49,3.5,3.44,159570.0
2022-08-29,600448,3.51,3.58,3.59,3.5,234041.0
2022-08-30,600448,3.54,3.58,3.6,3.53,206382.0
2022-08-31,600448,3.56,3.48,3.57,3.45,212338.0
2022-09-01,600448,3.48,3.49,3.52,3.47,135341.0
2022-09-02,600448,3.49,3.53,3.54,3.47,160659.0
2022-09-05,600448,3.53,3.64,3.66,3.51,335597.0
2022-09-06,600448,3.6,3.63,3.64,3.57,213681.0
2022-09-07,600448,3.66,3.72,3.81,3.63,491346.0
2022-09-08,600448,3.71,3.66,3.74,3.65,272123.0
2022-09-09,600448,3.63,3.57,3.66,3.56,192106.0
2022-09-13,600448,3.55,3.57,3.59,3.54,119184.0
2022-09-14,600448,3.59,3.63,3.65,3.56,252587.0
2022-09-15,600448,3.64,3.56,3.65,3.51,224504.0
2022-09-16,600448,3.65,3.42,3.7,3.42,327354.0
2022-09-19,600448,3.37,3.31,3.41,3.28,228892.0
2022-09-20,600448,3.32,3.4,3.46,3.32,185902.0
2022-09-21,600448,3.41,3.49,3.49,3.33,177910.0
2022-09-22,600448,3.48,3.45,3.58,3.44,214254.0
2022-09-23,600448,3.47,3.36,3.49,3.35,145769.0
2022-09-26,600448,3.39,3.25,3.39,3.23,164756.0
2022-09-27,600448,3.25,3.37,3.37,3.22,192431.0
2022-09-28,600448,3.4,3.41,3.55,3.35,337912.0
2022-09-29,600448,3.38,3.31,3.43,3.28,214692.0
2022-09-30,600448,3.29,3.24,3.32,3.19,180637.0
2022-10-10,600448,3.24,3.18,3.3,3.16,150692.0
2022-10-11,600448,3.18,3.25,3.25,3.1,138477.0
2022-10-12,600448,3.21,3.29,3.29,3.17,130621.0
2022-10-13,600448,3.25,3.29,3.31,3.23,131418.0
2022-10-14,600448,3.3,3.31,3.39,3.29,144727.0
2022-10-17,600448,3.3,3.35,3.37,3.28,134221.0
2022-10-18,600448,3.34,3.33,3.36,3.31,108730.0
2022-10-19,600448,3.32,3.28,3.34,3.27,96849.0
2022-10-20,600448,3.3,3.28,3.34,3.26,143127.0
2022-10-21,600448,3.28,3.28,3.32,3.26,113890.0
2022-10-24,600448,3.28,3.22,3.32,3.2,152749.0
2022-10-25,600448,3.24,3.31,3.33,3.21,286699.0
2022-10-26,600448,3.28,3.28,3.34,3.26,217549.0
2022-10-27,600448,3.26,3.26,3.3,3.25,116888.0
2022-10-28,600448,3.25,3.09,3.26,3.07,228151.0
2022-10-31,600448,3.08,3.07,3.1,3.04,138697.0
2022-11-01,600448,3.08,3.13,3.13,3.06,144385.0
2022-11-02,600448,3.1,3.15,3.18,3.1,141196.0
2022-11-03,600448,3.12,3.14,3.16,3.12,102363.0
2022-11-04,600448,3.13,3.18,3.19,3.12,119090.0
2022-11-07,600448,3.19,3.25,3.26,3.16,222967.0
2022-11-08,600448,3.26,3.3,3.35,3.24,227287.0
2022-11-09,600448,3.32,3.3,3.34,3.28,141023.0
2022-11-10,600448,3.31,3.32,3.39,3.25,205517.0
2022-11-11,600448,3.37,3.34,3.37,3.32,155048.0
2022-11-14,600448,3.36,3.34,3.36,3.29,153262.0
2022-11-15,600448,3.36,3.37,3.39,3.31,160091.0
2022-11-16,600448,3.37,3.37,3.4,3.35,115993.0
2022-11-17,600448,3.38,3.38,3.4,3.34,119380.0
2022-11-18,600448,3.4,3.34,3.41,3.33,106016.0
2022-11-21,600448,3.35,3.37,3.38,3.3,117398.0
2022-11-22,600448,3.38,3.31,3.39,3.29,142824.0
2022-11-23,600448,3.32,3.31,3.33,3.24,148601.0
2022-11-24,600448,3.31,3.37,3.42,3.3,189948.0
2022-11-25,600448,3.38,3.36,3.42,3.34,140715.0
2022-11-28,600448,3.35,3.37,3.38,3.3,140778.0
2022-11-29,600448,3.35,3.4,3.41,3.35,154337.0
2022-11-30,600448,3.43,3.43,3.45,3.39,139988.0
2022-12-01,600448,3.43,3.4,3.47,3.37,129346.0
2022-12-02,600448,3.39,3.48,3.49,3.38,206773.0
2022-12-05,600448,3.51,3.48,3.54,3.46,173685.0
2022-12-06,600448,3.49,3.45,3.5,3.42,118231.0
2022-12-07,600448,3.46,3.54,3.58,3.43,283313.0
2022-12-08,600448,3.52,3.49,3.58,3.46,190781.0
2022-12-09,600448,3.51,3.45,3.52,3.41,131141.0
2022-12-12,600448,3.44,3.43,3.5,3.4,133416.0
2022-12-13,600448,3.44,3.51,3.53,3.42,206427.0
2022-12-14,600448,3.49,3.53,3.55,3.48,157527.0
2022-12-15,600448,3.56,3.46,3.58,3.44,157688.0
2022-12-16,600448,3.45,3.42,3.48,3.41,106993.0
2022-12-19,600448,3.44,3.32,3.46,3.3,141388.0
2022-12-20,600448,3.32,3.33,3.37,3.24,131693.0
2022-12-21,600448,3.34,3.32,3.38,3.28,120918.0
2022-12-22,600448,3.34,3.28,3.4,3.27,137545.0
2022-12-23,600448,3.29,3.23,3.32,3.2,110165.0
2022-12-26,600448,3.22,3.25,3.27,3.21,82625.0
2022-12-27,600448,3.26,3.24,3.28,3.21,93734.0
2022-12-28,600448,3.23,3.18,3.24,3.16,127538.0
2022-12-29,600448,3.16,3.14,3.19,3.14,94081.0
2022-12-30,600448,3.14,3.17,3.17,3.12,81455.0
2023-01-03,600448,3.17,3.23,3.24,3.14,151759.0
2023-01-04,600448,3.23,3.26,3.35,3.21,176907.0
2023-01-05,600448,3.27,3.27,3.29,3.24,140458.0
2023-01-06,600448,3.27,3.23,3.28,3.22,130284.0
2023-01-09,600448,3.24,3.26,3.27,3.24,70318.0
2023-01-10,600448,3.25,3.23,3.26,3.21,102653.0
2023-01-11,600448,3.22,3.18,3.24,3.17,81247.0
2023-01-12,600448,3.18,3.15,3.19,3.14,85986.0
2023-01-13,600448,3.15,3.17,3.18,3.15,70834.0
2023-01-16,600448,3.17,3.22,3.23,3.17,127420.0
2023-01-17,600448,3.24,3.19,3.24,3.18,77281.0
2023-01-18,600448,3.2,3.23,3.24,3.18,92321.0
2023-01-19,600448,3.22,3.25,3.26,3.21,96096.0
2023-01-20,600448,3.25,3.27,3.28,3.24,94736.0
2023-01-30,600448,3.3,3.33,3.34,3.28,152898.0
2023-01-31,600448,3.28,3.32,3.34,3.26,163360.0
2023-02-01,600448,3.33,3.35,3.36,3.3,132720.0
2023-02-02,600448,3.35,3.34,3.36,3.33,115448.0
2023-02-03,600448,3.34,3.33,3.36,3.31,115144.0
2023-02-06,600448,3.33,3.34,3.37,3.32,96368.0
2023-02-07,600448,3.34,3.36,3.36,3.33,64461.0
2023-02-08,600448,3.35,3.36,3.38,3.33,101941.0
2023-02-09,600448,3.36,3.37,3.38,3.34,92609.0
2023-02-10,600448,3.37,3.37,3.4,3.36,81706.0
2023-02-13,600448,3.38,3.39,3.39,3.35,84038.0
2023-02-14,600448,3.4,3.39,3.4,3.37,82149.0
2023-02-15,600448,3.39,3.4,3.41,3.37,82404.0
2023-02-16,600448,3.4,3.33,3.43,3.31,112543.0
2023-02-17,600448,3.34,3.35,3.42,3.34,87348.0
2023-02-20,600448,3.36,3.37,3.4,3.34,87192.0
2023-02-21,600448,3.4,3.39,3.4,3.35,82263.0
2023-02-22,600448,3.37,3.39,3.39,3.35,68547.0
2023-02-23,600448,3.38,3.37,3.41,3.36,85078.0
2023-02-24,600448,3.37,3.4,3.41,3.35,77744.0
2023-02-27,600448,3.4,3.38,3.45,3.38,131954.0
2023-02-28,600448,3.39,3.46,3.47,3.39,185132.0
2023-03-01,600448,3.46,3.45,3.47,3.42,127814.0
2023-03-02,600448,3.44,3.45,3.49,3.43,102649.0
2023-03-03,600448,3.46,3.45,3.47,3.43,91937.0
2023-03-06,600448,3.44,3.43,3.47,3.42,102528.0
2023-03-07,600448,3.42,3.36,3.44,3.36,98941.0
2023-03-08,600448,3.38,3.41,3.42,3.36,71804.0
2023-03-09,600448,3.42,3.41,3.43,3.38,56589.0
2023-03-10,600448,3.4,3.34,3.4,3.33,74381.0
2023-03-13,600448,3.33,3.31,3.35,3.27,82675.0
2023-03-14,600448,3.29,3.24,3.31,3.21,104145.0
2023-03-15,600448,3.26,3.3,3.31,3.24,69337.0
2023-03-16,600448,3.28,3.26,3.3,3.24,68950.0
2023-03-17,600448,3.27,3.26,3.3,3.25,54411.0
2023-03-20,600448,3.26,3.23,3.27,3.22,81436.0
2023-03-21,600448,3.22,3.27,3.29,3.22,68507.0
2023-03-22,600448,3.27,3.29,3.31,3.26,80486.0
2023-03-23,600448,3.29,3.26,3.3,3.25,64835.0
2023-03-24,600448,3.26,3.25,3.27,3.24,54227.0
2023-03-27,600448,3.24,3.2,3.26,3.17,113619.0
2023-03-28,600448,3.2,3.18,3.22,3.17,69853.0
2023-03-29,600448,3.18,3.15,3.2,3.13,84596.0
2023-03-30,600448,3.16,3.12,3.17,3.1,90199.0
2023-03-31,600448,3.09,3.13,3.14,3.09,64234.0
2023-04-03,600448,3.14,3.13,3.16,3.1,90069.0
2023-04-04,600448,3.14,3.08,3.14,3.08,112295.0
2023-04-06,600448,3.08,3.06,3.09,3.05,96014.0
2023-04-07,600448,3.08,3.07,3.08,3.05,75242.0
2023-04-10,600448,3.06,2.98,3.07,2.95,177068.0
2023-04-11,600448,2.95,2.95,2.97,2.91,139307.0
2023-04-12,600448,2.94,2.97,2.98,2.93,90658.0
2023-04-13,600448,2.99,2.97,2.99,2.94,81980.0
2023-04-14,600448,2.97,2.95,2.98,2.94,67255.0
2023-04-17,600448,2.94,2.95,2.95,2.93,68280.0
2023-04-18,600448,2.94,2.92,2.95,2.91,78887.0
2023-04-19,600448,2.91,2.9,2.92,2.89,54353.0
2023-04-20,600448,2.9,2.88,2.91,2.84,85289.0
2023-04-21,600448,2.87,2.81,2.9,2.81,91427.0
2023-04-24,600448,2.8,2.81,2.84,2.75,78725.0
2023-04-25,600448,2.81,2.75,2.81,2.71,87062.0
2023-04-26,600448,2.76,2.8,2.82,2.75,66008.0
2023-04-27,600448,2.8,2.8,2.82,2.76,63779.0
2023-04-28,600448,2.79,2.88,2.88,2.78,88090.0
2023-05-04,600448,2.89,2.96,2.96,2.88,126501.0
2023-05-05,600448,2.96,2.97,2.97,2.92,81170.0
2023-05-08,600448,2.96,2.96,2.99,2.93,79033.0
2023-05-09,600448,2.96,2.94,3.0,2.94,100342.0
2023-05-10,600448,2.95,3.01,3.02,2.94,94281.0
2023-05-11,600448,3.0,3.04,3.05,2.97,90700.0
2023-05-12,600448,3.04,3.06,3.1,3.02,111975.0
2023-05-15,600448,3.06,3.06,3.07,3.0,98415.0
2023-05-16,600448,3.08,3.01,3.08,3.0,65210.0
2023-05-17,600448,3.03,3.06,3.07,3.01,65046.0
2023-05-18,600448,3.07,3.09,3.09,3.04,86028.0
2023-05-19,600448,3.1,3.06,3.1,3.0,91892.0
2023-05-22,600448,3.05,3.05,3.07,3.03,50981.0
2023-05-23,600448,3.03,3.05,3.08,3.03,69971.0
2023-05-24,600448,3.04,3.03,3.07,3.01,61643.0
2023-05-25,600448,3.04,3.05,3.07,2.98,91004.0
2023-05-26,600448,3.05,2.99,3.05,2.97,68184.0
2023-05-29,600448,3.0,2.94,3.01,2.93,64748.0
2023-05-30,600448,2.95,2.94,2.95,2.89,40302.0
2023-05-31,600448,2.93,2.91,2.94,2.9,50957.0
2023-06-01,600448,2.9,2.91,2.95,2.87,69897.0
2023-06-02,600448,2.92,2.91,2.94,2.89,65018.0
2023-06-05,600448,2.9,3.02,3.02,2.89,123274.0
2023-06-06,600448,3.0,2.94,3.01,2.92,90903.0
2023-06-07,600448,2.93,2.95,2.96,2.91,44424.0
2023-06-08,600448,2.96,2.93,2.97,2.92,76307.0
2023-06-09,600448,2.93,2.92,2.95,2.87,136251.0
2023-06-12,600448,2.92,2.93,2.93,2.86,82598.0
2023-06-13,600448,2.92,2.91,2.96,2.9,64842.0
2023-06-14,600448,2.91,2.91,2.93,2.88,49387.0
2023-06-15,600448,2.9,2.9,2.91,2.87,54128.0
2023-06-16,600448,2.9,2.9,2.93,2.88,82984.0
2023-06-19,600448,2.9,2.89,2.92,2.88,65149.0
2023-06-20,600448,2.89,2.8,2.89,2.8,117352.0
2023-06-21,600448,2.8,2.8,2.82,2.79,56640.0
2023-06-26,600448,2.81,2.81,2.86,2.76,90017.0
2023-06-27,600448,2.81,2.87,2.87,2.8,98882.0
2023-06-28,600448,2.87,2.89,2.89,2.82,63918.0
2023-06-29,600448,2.87,2.92,2.95,2.87,80075.0
2023-06-30,600448,2.94,2.97,3.0,2.92,104638.0
2023-07-03,600448,3.0,2.99,3.02,2.96,69494.0
2023-07-04,600448,2.99,2.98,3.02,2.97,62656.0
2023-07-05,600448,2.98,2.98,2.99,2.96,49162.0
2023-07-06,600448,2.99,2.97,3.0,2.96,35657.0
2023-07-07,600448,2.98,3.0,3.01,2.96,70644.0
2023-07-10,600448,3.0,2.99,3.04,2.97,47945.0
2023-07-11,600448,2.98,3.01,3.01,2.96,41521.0
2023-07-12,600448,3.0,2.97,3.0,2.95,52554.0
2023-07-13,600448,2.96,2.97,3.01,2.95,78624.0
2023-07-14,600448,2.96,2.96,3.0,2.95,44777.0
2023-07-17,600448,2.95,2.98,2.98,2.9,50139.0
2023-07-18,600448,2.98,2.98,3.0,2.95,53492.0
2023-07-19,600448,2.99,2.99,3.02,2.97,64471.0
2023-07-20,600448,2.99,3.02,3.04,2.99,73303.0
2023-07-21,600448,3.0,3.04,3.05,3.0,58537.0
2023-07-24,600448,3.03,3.04,3.05,3.01,45203.0
2023-07-25,600448,3.04,3.07,3.08,3.04,80310.0
2023-07-26,600448,3.08,3.11,3.12,3.07,89598.0
2023-07-27,600448,3.12,3.14,3.17,3.11,86514.0
2023-07-28,600448,3.14,3.2,3.21,3.12,133113.0
2023-07-31,600448,3.19,3.26,3.26,3.17,116776.0
2023-08-01,600448,3.27,3.24,3.28,3.22,97463.0
2023-08-02,600448,3.24,3.24,3.26,3.22,82115.0
2023-08-03,600448,3.24,3.21,3.25,3.18,92383.0
2023-08-04,600448,3.22,3.17,3.25,3.16,86947.0
2023-08-07,600448,3.17,3.15,3.18,3.13,70083.0
2023-08-08,600448,3.15,3.13,3.17,3.12,44657.0
2023-08-09,600448,3.15,3.1,3.15,3.08,65499.0
2023-08-10,600448,3.1,3.14,3.14,3.09,47261.0
2023-08-11,600448,3.13,3.05,3.14,3.05,67878.0
2023-08-14,600448,3.04,3.11,3.12,3.02,75146.0
2023-08-15,600448,3.11,3.17,3.19,3.09,108536.0
2023-08-16,600448,3.18,3.22,3.3,3.13,272552.0
2023-08-17,600448,3.24,3.21,3.3,3.17,233949.0
2023-08-18,600448,3.23,3.18,3.25,3.17,142627.0
2023-08-21,600448,3.18,3.19,3.24,3.16,129734.0
2023-08-22,600448,3.18,3.13,3.2,3.08,132032.0
2023-08-23,600448,3.14,3.05,3.15,3.05,82239.0
2023-08-24,600448,3.05,3.02,3.08,3.0,102435.0
2023-08-25,600448,3.01,3.02,3.12,2.97,131163.0
2023-08-28,600448,3.14,3.11,3.19,3.09,133357.0
2023-08-29,600448,3.12,3.16,3.18,3.1,102996.0
2023-08-30,600448,3.16,3.12,3.19,3.11,105857.0
2023-08-31,600448,3.13,3.09,3.14,3.06,89528.0
2023-09-01,600448,3.1,3.1,3.11,3.05,70366.0
2023-09-04,600448,3.1,3.19,3.19,3.1,116136.0
2023-09-05,600448,3.19,3.17,3.21,3.15,63727.0
2023-09-06,600448,3.17,3.16,3.19,3.14,52132.0
2023-09-07,600448,3.15,3.14,3.19,3.13,62724.0
2023-09-08,600448,3.14,3.13,3.17,3.12,71639.0
2023-09-11,600448,3.13,3.13,3.18,3.1,77223.0
2023-09-12,600448,3.13,3.1,3.14,3.09,61750.0
2023-09-13,600448,3.1,3.09,3.12,3.08,67060.0
2023-09-14,600448,3.09,3.08,3.11,3.05,69874.0
2023-09-15,600448,3.08,3.12,3.14,3.06,80674.0
2023-09-18,600448,3.14,3.2,3.21,3.11,103968.0
2023-09-19,600448,3.2,3.18,3.21,3.16,81982.0
2023-09-20,600448,3.17,3.16,3.21,3.14,84929.0
2023-09-21,600448,3.17,3.14,3.2,3.12,78550.0
2023-09-22,600448,3.14,3.17,3.19,3.13,95396.0
2023-09-25,600448,3.17,3.12,3.19,3.1,89444.0
2023-09-26,600448,3.12,3.09,3.13,3.08,71268.0
2023-09-27,600448,3.09,3.07,3.1,3.06,85323.0
2023-09-28,600448,3.07,3.12,3.14,3.07,74789.0
2023-10-09,600448,3.12,3.03,3.13,3.01,128114.0
2023-10-10,600448,3.03,3.0,3.05,2.98,87148.0
2023-10-11,600448,3.0,3.0,3.02,2.98,64472.0
2023-10-12,600448,3.0,3.02,3.03,2.99,59391.0
2023-10-13,600448,3.01,2.96,3.02,2.96,74538.0
2023-10-16,600448,2.98,3.0,3.04,2.95,114844.0
2023-10-17,600448,3.01,3.12,3.22,3.0,276971.0
2023-10-18,600448,3.11,3.02,3.12,3.02,157861.0
2023-10-19,600448,3.02,2.96,3.05,2.95,134388.0
2023-10-20,600448,2.96,2.98,3.01,2.92,108943.0
2023-10-23,600448,2.97,2.88,2.97,2.86,113180.0
2023-10-24,600448,2.9,3.06,3.07,2.87,163513.0
2023-10-25,600448,3.06,3.13,3.15,3.05,160220.0
2023-10-26,600448,3.14,3.11,3.15,3.08,107195.0
2023-10-27,600448,3.11,3.18,3.23,3.11,159607.0
2023-10-30,600448,3.17,3.16,3.22,3.14,146080.0
2023-10-31,600448,3.14,3.19,3.28,3.14,149742.0
2023-11-01,600448,3.21,3.22,3.24,3.18,116713.0
2023-11-02,600448,3.23,3.23,3.25,3.2,127870.0
2023-11-03,600448,3.21,3.19,3.26,3.19,109913.0
2023-11-06,600448,3.21,3.19,3.22,3.17,112634.0
2023-11-07,600448,3.19,3.22,3.24,3.16,118499.0
2023-11-08,600448,3.22,3.25,3.29,3.21,151091.0
2023-11-09,600448,3.25,3.18,3.25,3.16,120085.0
2023-11-10,600448,3.18,3.2,3.21,3.16,82509.0
2023-11-13,600448,3.21,3.27,3.29,3.2,151053.0
2023-11-14,600448,3.28,3.25,3.28,3.2,115583.0
2023-11-15,600448,3.27,3.24,3.27,3.21,83629.0
2023-11-16,600448,3.22,3.23,3.26,3.21,90275.0
2023-11-17,600448,3.22,3.25,3.27,3.22,73016.0
2023-11-20,600448,3.24,3.28,3.29,3.23,97896.0
2023-11-21,600448,3.28,3.3,3.34,3.26,114184.0
2023-11-22,600448,3.3,3.32,3.35,3.29,101481.0
2023-11-23,600448,3.31,3.32,3.34,3.3,78995.0
2023-11-24,600448,3.32,3.29,3.34,3.27,85534.0
2023-11-27,600448,3.29,3.28,3.32,3.25,96781.0
2023-11-28,600448,3.28,3.31,3.32,3.27,91228.0
2023-11-29,600448,3.31,3.3,3.34,3.28,78517.0
2023-11-30,600448,3.3,3.28,3.31,3.24,95167.0
2023-12-01,600448,3.28,3.29,3.33,3.26,95501.0
2023-12-04,600448,3.3,3.34,3.34,3.29,124464.0
2023-12-05,600448,3.31,3.32,3.36,3.3,97875.0
2023-12-06,600448,3.31,3.4,3.43,3.31,206131.0
2023-12-07,600448,3.39,3.38,3.42,3.34,168710.0
2023-12-08,600448,3.37,3.23,3.38,3.22,251061.0
2023-12-11,600448,3.23,3.28,3.31,3.2,241710.0
2023-12-12,600448,3.3,3.37,3.38,3.27,195746.0
2023-12-13,600448,3.37,3.37,3.4,3.34,153842.0
2023-12-14,600448,3.39,3.42,3.46,3.36,199971.0
2023-12-15,600448,3.42,3.47,3.48,3.37,217338.0
2023-12-18,600448,3.47,3.45,3.52,3.43,236699.0
2023-12-19,600448,3.45,3.41,3.5,3.38,185004.0
2023-12-20,600448,3.42,3.33,3.42,3.33,139529.0
2023-12-21,600448,3.33,3.43,3.44,3.29,173395.0
2023-12-22,600448,3.41,3.35,3.46,3.33,164230.0
2023-12-25,600448,3.34,3.26,3.36,3.23,131054.0
2023-12-26,600448,3.27,3.22,3.3,3.22,100981.0
2023-12-27,600448,3.23,3.23,3.26,3.17,87796.0
2023-12-28,600448,3.23,3.25,3.27,3.17,136322.0
2023-12-29,600448,3.27,3.3,3.31,3.23,117343.0
2024-01-02,600448,3.31,3.41,3.44,3.3,159273.0
2024-01-03,600448,3.4,3.39,3.42,3.36,98295.0
2024-01-04,600448,3.41,3.42,3.43,3.37,86346.0
2024-01-05,600448,3.42,3.37,3.46,3.36,119849.0
2024-01-08,600448,3.38,3.36,3.42,3.33,115545.0
2024-01-09,600448,3.35,3.4,3.42,3.35,106028.0
2024-01-10,600448,3.4,3.37,3.43,3.36,80259.0
2024-01-11,600448,3.36,3.41,3.42,3.34,98909.0
2024-01-12,600448,3.41,3.37,3.44,3.36,99468.0
2024-01-15,600448,3.36,3.42,3.43,3.36,118021.0
2024-01-16,600448,3.41,3.4,3.42,3.33,124698.0
2024-01-17,600448,3.4,3.44,3.53,3.38,328704.0
2024-01-18,600448,3.51,3.57,3.67,3.4,890051.0
2024-01-19,600448,3.56,3.58,3.75,3.5,1046229.0
2024-01-22,600448,3.6,3.34,3.73,3.28,1273492.0
2024-01-23,600448,3.25,3.01,3.3,3.01,546068.0
2024-01-24,600448,2.85,3.06,3.19,2.78,957888.0
2024-01-25,600448,3.08,3.22,3.3,3.08,617994.0
2024-01-26,600448,3.22,3.31,3.41,3.22,523430.0
2024-01-29,600448,3.31,3.14,3.33,3.13,361637.0
2024-01-30,600448,3.11,3.01,3.13,2.99,253235.0
2024-01-31,600448,3.01,2.86,3.09,2.84,343424.0
2024-02-01,600448,2.86,2.74,2.86,2.67,310088.0
2024-02-02,600448,2.74,2.66,2.86,2.55,281153.0
2024-02-05,600448,2.61,2.39,2.62,2.39,262276.0
2024-02-06,600448,2.2,2.21,2.32,2.15,555635.0
2024-02-07,600448,2.21,1.99,2.21,1.99,615604.0
2024-02-08,600448,1.96,2.12,2.14,1.86,467019.0
2024-02-19,600448,2.14,2.24,2.25,2.12,409026.0
2024-02-20,600448,2.25,2.27,2.28,2.19,224214.0
2024-02-21,600448,2.24,2.36,2.42,2.23,280131.0
2024-02-22,600448,2.35,2.43,2.43,2.32,215167.0
2024-02-23,600448,2.42,2.53,2.55,2.41,249352.0
2024-02-26,600448,2.53,2.62,2.67,2.51,308819.0
2024-02-27,600448,2.61,2.71,2.72,2.59,220679.0
2024-02-28,600448,2.72,2.44,2.79,2.44,482168.0
2024-02-29,600448,2.38,2.5,2.51,2.31,317850.0
2024-03-01,600448,2.5,2.47,2.54,2.42,222640.0
2024-03-04,600448,2.47,2.43,2.5,2.39,162836.0
2024-03-05,600448,2.41,2.34,2.43,2.32,203239.0
2024-03-06,600448,2.32,2.4,2.42,2.32,194962.0
2024-03-07,600448,2.42,2.41,2.49,2.39,184235.0
2024-03-08,600448,2.41,2.46,2.47,2.4,176970.0
2024-03-11,600448,2.47,2.49,2.5,2.45,152543.0
2024-03-12,600448,2.5,2.55,2.55,2.48,192985.0
2024-03-13,600448,2.56,2.54,2.58,2.5,175531.0
2024-03-14,600448,2.53,2.52,2.55,2.47,130523.0
2024-03-15,600448,2.51,2.58,2.58,2.49,172819.0
2024-03-18,600448,2.6,2.64,2.64,2.59,167709.0
2024-03-19,600448,2.64,2.64,2.67,2.61,163373.0
2024-03-20,600448,2.64,2.68,2.69,2.62,119369.0
2024-03-21,600448,2.69,2.72,2.73,2.66,151023.0
2024-03-22,600448,2.73,2.68,2.74,2.63,159700.0
2024-03-25,600448,2.68,2.65,2.72,2.65,178044.0
2024-03-26,600448,2.65,2.69,2.72,2.62,184348.0
2024-03-27,600448,2.68,2.68,2.74,2.66,245259.0
2024-03-28,600448,2.73,2.77,2.93,2.66,449408.0
2024-03-29,600448,2.77,2.75,2.79,2.69,349343.0
2024-04-01,600448,2.76,2.84,2.85,2.73,384221.0
2024-04-02,600448,2.81,2.94,2.99,2.8,567187.0
2024-04-03,600448,2.9,3.01,3.23,2.84,1136998.0
2024-04-08,600448,2.89,2.71,2.92,2.71,781845.0
2024-04-09,600448,2.71,2.77,2.82,2.7,388191.0
2024-04-10,600448,2.77,2.68,2.82,2.65,304012.0
2024-04-11,600448,2.66,2.66,2.72,2.63,199184.0
2024-04-12,600448,2.65,2.63,2.69,2.63,172249.0
2024-04-15,600448,2.59,2.38,2.63,2.37,462247.0
2024-04-16,600448,2.32,2.14,2.32,2.14,358973.0
2024-04-17,600448,2.16,2.3,2.32,2.15,283920.0
2024-04-18,600448,2.29,2.27,2.31,2.21,253701.0
2024-04-19,600448,2.24,2.22,2.29,2.2,168845.0
2024-04-22,600448,2.22,2.18,2.25,2.12,199880.0
2024-04-23,600448,2.2,2.22,2.26,2.18,149705.0
2024-04-24,600448,2.22,2.28,2.29,2.22,143913.0
2024-04-25,600448,2.27,2.32,2.35,2.25,122835.0
2024-04-26,600448,2.33,2.34,2.37,2.28,143361.0
2024-04-29,600448,2.34,2.51,2.52,2.33,253864.0
2024-04-30,600448,2.5,2.43,2.52,2.41,230275.0
2024-05-06,600448,2.48,2.49,2.5,2.46,144737.0
2024-05-07,600448,2.51,2.52,2.53,2.48,117157.0
2024-05-08,600448,2.51,2.47,2.53,2.46,112509.0
2024-05-09,600448,2.46,2.49,2.52,2.46,95802.0
2024-05-10,600448,2.5,2.48,2.54,2.47,121898.0
2024-05-13,600448,2.47,2.44,2.49,2.39,131941.0
2024-05-14,600448,2.41,2.58,2.6,2.41,302555.0
2024-05-15,600448,2.55,2.51,2.57,2.5,236374.0
2024-05-16,600448,2.51,2.54,2.58,2.51,143634.0
2024-05-17,600448,2.54,2.55,2.58,2.51,151122.0
2024-05-20,600448,2.56,2.53,2.57,2.52,145861.0
2024-05-21,600448,2.53,2.5,2.54,2.48,102098.0
2024-05-22,600448,2.48,2.5,2.54,2.48,92038.0
2024-05-23,600448,2.51,2.43,2.51,2.4,133929.0
2024-05-24,600448,2.42,2.4,2.45,2.39,85657.0
2024-05-27,600448,2.4,2.4,2.44,2.36,87758.0
2024-05-28,600448,2.43,2.35,2.43,2.35,93612.0
2024-05-29,600448,2.34,2.34,2.39,2.32,70684.0
2024-05-30,600448,2.33,2.31,2.36,2.29,112319.0
2024-05-31,600448,2.3,2.31,2.34,2.29,64557.0
2024-06-03,600448,2.32,2.22,2.32,2.19,135289.0
2024-06-04,600448,2.2,2.18,2.21,2.13,118378.0
2024-06-05,600448,2.18,2.1,2.19,2.09,128447.0
2024-06-06,600448,2.08,1.96,2.1,1.92,233094.0
2024-06-07,600448,2.01,2.08,2.1,2.01,193729.0
2024-06-11,600448,2.07,2.06,2.08,2.01,126525.0
2024-06-12,600448,2.06,2.12,2.13,2.05,127273.0
2024-06-13,600448,2.13,2.08,2.13,2.06,112709.0
2024-06-14,600448,2.08,2.08,2.11,2.04,108405.0
2024-06-17,600448,2.07,2.02,2.08,2.0,137049.0
2024-06-18,600448,2.02,2.06,2.06,1.98,111194.0
2024-06-19,600448,2.06,2.04,2.09,2.03,103806.0
2024-06-20,600448,2.04,1.98,2.04,1.97,127741.0
2024-06-21,600448,1.98,1.94,2.0,1.92,152775.0
2024-06-24,600448,1.93,1.85,1.93,1.83,158613.0
2024-06-25,600448,1.83,1.9,1.92,1.82,147333.0
2024-06-26,600448,1.88,1.96,1.97,1.86,117094.0
2024-06-27,600448,1.95,1.96,1.99,1.94,121403.0
2024-06-28,600448,1.95,1.97,1.99,1.93,95512.0
2024-07-01,600448,1.96,1.99,1.99,1.92,113181.0
2024-07-02,600448,1.99,2.04,2.06,1.97,141676.0
2024-07-03,600448,2.04,2.05,2.07,2.02,88624.0
2024-07-04,600448,2.05,1.97,2.05,1.94,139326.0
2024-07-05,600448,1.97,1.99,2.0,1.93,103622.0
2024-07-08,600448,1.98,1.92,2.0,1.9,112359.0
2024-07-09,600448,1.94,1.92,1.94,1.85,109014.0
2024-07-10,600448,1.9,1.88,1.92,1.86,89856.0
2024-07-11,600448,1.9,1.96,1.97,1.9,141140.0
2024-07-12,600448,1.95,1.95,2.0,1.93,91260.0
2024-07-15,600448,1.96,1.92,1.97,1.89,71480.0
2024-07-16,600448,1.91,1.91,1.92,1.88,69344.0
2024-07-17,600448,1.89,1.89,1.92,1.88,58887.0
2024-07-18,600448,1.88,1.89,1.89,1.84,84339.0
2024-07-19,600448,1.87,1.87,1.89,1.84,57866.0
2024-07-22,600448,1.86,1.88,1.89,1.83,95355.0
2024-07-23,600448,1.86,1.88,1.94,1.86,121954.0
2024-07-24,600448,1.88,1.84,1.88,1.83,66376.0
2024-07-25,600448,1.84,1.88,1.88,1.83,79744.0
2024-07-26,600448,1.88,1.91,1.92,1.87,77848.0
2024-07-29,600448,1.91,1.91,1.92,1.88,68696.0
2024-07-30,600448,1.91,1.95,1.95,1.89,88739.0
2024-07-31,600448,1.94,2.01,2.02,1.93,141129.0
2024-08-01,600448,2.01,2.01,2.04,1.99,102163.0
2024-08-02,600448,2.01,2.0,2.04,1.98,98549.0
2024-08-05,600448,1.99,1.97,2.03,1.96,97874.0
2024-08-06,600448,1.97,2.0,2.0,1.97,81056.0
2024-08-07,600448,2.0,1.99,2.02,1.98,68064.0
2024-08-08,600448,1.98,2.03,2.04,1.98,103897.0
2024-08-09,600448,2.04,2.03,2.07,2.02,94149.0
2024-08-12,600448,2.03,1.99,2.03,1.97,80788.0
2024-08-13,600448,1.99,1.99,2.0,1.95,57898.0
2024-08-14,600448,1.99,1.98,2.01,1.98,47003.0
2024-08-15,600448,1.99,2.01,2.02,1.96,86655.0
2024-08-16,600448,2.01,1.97,2.03,1.97,74089.0
2024-08-19,600448,1.97,1.98,1.99,1.95,61906.0
2024-08-20,600448,1.97,1.92,1.98,1.91,74949.0
2024-08-21,600448,1.92,1.92,1.94,1.9,44184.0
2024-08-22,600448,1.91,1.9,1.93,1.88,60826.0
2024-08-23,600448,1.89,1.88,1.9,1.85,67664.0
2024-08-26,600448,1.86,1.93,1.93,1.86,104174.0
2024-08-27,600448,1.93,1.88,1.94,1.88,80513.0
2024-08-28,600448,1.9,1.91,1.93,1.88,76687.0
2024-08-29,600448,1.9,1.94,1.95,1.89,89504.0
2024-08-30,600448,1.94,1.98,2.01,1.93,112798.0
2024-09-02,600448,1.98,1.96,2.03,1.96,90758.0
2024-09-03,600448,1.96,1.98,1.99,1.95,51197.0
2024-09-04,600448,1.97,1.95,1.99,1.94,61803.0
2024-09-05,600448,1.94,1.98,1.99,1.94,70342.0
2024-09-06,600448,1.99,1.97,2.02,1.96,72343.0
2024-09-09,600448,1.95,1.99,2.01,1.93,71580.0
2024-09-10,600448,1.99,2.04,2.04,1.98,119034.0
2024-09-11,600448,2.03,1.98,2.03,1.97,109235.0
2024-09-12,600448,1.97,1.99,2.01,1.97,59810.0
2024-09-13,600448,2.0,2.02,2.05,1.98,149388.0
2024-09-18,600448,2.01,2.0,2.05,1.94,125773.0
2024-09-19,600448,2.0,2.07,2.08,1.98,168995.0
2024-09-20,600448,2.07,2.08,2.09,2.04,90262.0
2024-09-23,600448,2.07,2.08,2.11,2.07,103143.0
2024-09-24,600448,2.07,2.15,2.15,2.07,125902.0
2024-09-25,600448,2.15,2.19,2.23,2.15,169478.0
2024-09-26,600448,2.19,2.25,2.25,2.17,145180.0
2024-09-27,600448,2.28,2.32,2.32,2.23,133214.0
2024-09-30,600448,2.41,2.5,2.53,2.32,380076.0
2024-10-08,600448,2.74,2.67,2.75,2.51,417696.0
2024-10-09,600448,2.6,2.41,2.64,2.4,274902.0
2024-10-10,600448,2.42,2.46,2.51,2.39,181737.0
2024-10-11,600448,2.47,2.37,2.48,2.35,163713.0
2024-10-14,600448,2.39,2.42,2.43,2.36,120428.0
2024-10-15,600448,2.42,2.39,2.42,2.38,98061.0
2024-10-16,600448,2.38,2.39,2.42,2.36,100684.0
2024-10-17,600448,2.39,2.36,2.43,2.34,116610.0
2024-10-18,600448,2.35,2.4,2.43,2.33,152233.0
2024-10-21,600448,2.41,2.36,2.43,2.33,209656.0
2024-10-22,600448,2.38,2.41,2.42,2.36,182259.0
2024-10-23,600448,2.42,2.44,2.47,2.4,177444.0
2024-10-24,600448,2.45,2.47,2.47,2.41,117703.0
2024-10-25,600448,2.47,2.57,2.58,2.46,198547.0
2024-10-28,600448,2.57,2.69,2.72,2.57,245216.0
2024-10-29,600448,2.71,2.59,2.73,2.56,261731.0
2024-10-30,600448,2.59,2.6,2.62,2.56,145435.0
2024-10-31,600448,2.6,2.7,2.73,2.6,235990.0
2024-11-01,600448,2.7,2.61,2.77,2.59,235858.0
2024-11-04,600448,2.63,2.67,2.67,2.57,151934.0
2024-11-05,600448,2.66,2.74,2.79,2.64,204321.0
2024-11-06,600448,2.74,2.8,2.83,2.69,243070.0
2024-11-07,600448,2.82,2.94,3.01,2.79,303230.0
2024-11-08,600448,2.95,2.87,2.97,2.85,236069.0
2024-11-11,600448,2.87,2.89,2.91,2.83,166257.0
2024-11-12,600448,2.92,2.87,2.95,2.83,211514.0
2024-11-13,600448,2.86,2.86,2.91,2.78,167930.0
2024-11-14,600448,2.86,2.77,2.86,2.75,158318.0
2024-11-15,600448,2.78,2.73,2.79,2.7,159341.0
2024-11-18,600448,2.74,2.71,2.78,2.67,151251.0
2024-11-19,600448,2.69,2.73,2.73,2.66,151479.0
2024-11-20,600448,2.73,2.84,2.9,2.73,212343.0
2024-11-21,600448,2.84,2.88,2.9,2.8,133702.0
2024-11-22,600448,2.86,2.79,2.93,2.77,167821.0
2024-11-25,600448,2.81,2.9,2.92,2.8,205635.0
2024-11-26,600448,2.91,2.9,2.94,2.87,209619.0
2024-11-27,600448,2.89,2.93,2.94,2.79,213881.0
2024-11-28,600448,2.93,2.97,3.0,2.91,260235.0
2024-11-29,600448,2.97,2.99,3.0,2.93,232245.0
2024-12-02,600448,2.98,3.08,3.09,2.96,261044.0
2024-12-03,600448,3.09,3.09,3.15,3.06,272894.0
2024-12-04,600448,3.07,2.99,3.07,2.96,230234.0
2024-12-05,600448,2.99,3.04,3.04,2.97,138573.0
2024-12-06,600448,3.04,3.18,3.2,3.04,297909.0
2024-12-09,600448,3.17,3.13,3.19,3.08,225138.0
2024-12-10,600448,3.23,3.11,3.26,3.1,260493.0
2024-12-11,600448,3.1,3.22,3.22,3.09,240203.0
2024-12-12,600448,3.22,3.37,3.43,3.2,400515.0
2024-12-13,600448,3.32,3.3,3.35,3.28,299052.0
2024-12-16,600448,3.32,3.32,3.41,3.29,345987.0
2024-12-17,600448,3.3,3.03,3.33,2.99,509926.0
2024-12-18,600448,3.03,3.03,3.12,2.89,317998.0
2024-12-19,600448,2.99,3.05,3.05,2.95,224060.0
2024-12-20,600448,3.04,3.06,3.12,3.0,196242.0
2024-12-23,600448,3.06,2.75,3.06,2.75,349096.0
2024-12-24,600448,2.8,2.72,2.8,2.65,331317.0
2024-12-25,600448,2.71,2.62,2.71,2.54,208634.0
2024-12-26,600448,2.62,2.65,2.73,2.62,163962.0
2024-12-27,600448,2.68,2.74,2.77,2.63,185291.0
2024-12-30,600448,2.74,2.67,2.74,2.6,179270.0
2024-12-31,600448,2.68,2.65,2.73,2.64,144497.0
2025-01-02,600448,2.65,2.69,2.79,2.65,238743.0
2025-01-03,600448,2.71,2.5,2.77,2.5,219664.0
2025-01-06,600448,2.48,2.5,2.55,2.37,179577.0
2025-01-07,600448,2.5,2.56,2.57,2.47,107187.0
2025-01-08,600448,2.54,2.58,2.6,2.48,142886.0
2025-01-09,600448,2.58,2.58,2.61,2.53,102033.0
2025-01-10,600448,2.56,2.49,2.61,2.49,115323.0
2025-01-13,600448,2.49,2.52,2.54,2.41,108039.0
2025-01-14,600448,2.51,2.66,2.66,2.51,136253.0
2025-01-15,600448,2.65,2.7,2.72,2.62,127867.0
2025-01-16,600448,2.7,2.71,2.75,2.69,139323.0
2025-01-17,600448,2.7,2.72,2.73,2.64,129399.0
2025-01-20,600448,2.73,2.76,2.8,2.65,122638.0
2025-01-21,600448,2.79,2.7,2.82,2.68,128835.0
2025-01-22,600448,2.7,2.64,2.72,2.63,101733.0
2025-01-23,600448,2.68,2.68,2.76,2.66,132353.0
2025-01-24,600448,2.69,2.72,2.73,2.64,112571.0
2025-01-27,600448,2.75,2.75,2.81,2.72,155243.0
2025-02-05,600448,2.78,2.8,2.83,2.74,138180.0
2025-02-06,600448,2.81,2.82,2.82,2.74,138282.0
2025-02-07,600448,2.82,2.83,2.86,2.78,153460.0
2025-02-10,600448,2.82,2.87,2.89,2.82,126257.0
2025-02-11,600448,2.87,2.89,2.89,2.83,97660.0
2025-02-12,600448,2.86,2.87,2.91,2.84,89538.0
2025-02-13,600448,2.86,2.88,2.91,2.84,163686.0
2025-02-14,600448,2.86,2.81,2.89,2.79,106355.0
2025-02-17,600448,2.82,2.9,2.94,2.8,170143.0
2025-02-18,600448,2.9,2.82,2.91,2.79,137913.0
2025-02-19,600448,2.8,2.84,2.86,2.8,107049.0
2025-02-20,600448,2.85,2.89,2.89,2.83,123738.0
2025-02-21,600448,2.89,2.83,2.91,2.79,145706.0
2025-02-24,600448,2.84,2.86,2.89,2.78,147002.0
2025-02-25,600448,2.86,2.85,2.89,2.83,101298.0
2025-02-26,600448,2.85,2.89,2.9,2.85,127146.0
2025-02-27,600448,2.87,2.92,2.94,2.86,159062.0
2025-02-28,600448,2.9,2.88,2.92,2.86,122335.0
2025-03-03,600448,2.88,2.86,2.93,2.84,121854.0
2025-03-04,600448,2.86,2.88,2.89,2.84,79009.0
2025-03-05,600448,2.88,2.83,2.89,2.78,153933.0
2025-03-06,600448,2.83,2.86,2.87,2.8,129445.0
2025-03-07,600448,2.86,2.82,2.87,2.8,91036.0
2025-03-10,600448,2.83,2.84,2.89,2.82,124512.0
2025-03-11,600448,2.83,2.89,2.89,2.81,100538.0
2025-03-12,600448,2.89,2.91,2.92,2.87,124258.0
2025-03-13,600448,2.92,2.89,2.92,2.83,109165.0
2025-03-14,600448,2.91,2.97,2.98,2.86,190682.0
2025-03-17,600448,2.97,2.98,3.02,2.95,132185.0
2025-03-18,600448,3.0,2.99,3.0,2.95,83737.0
2025-03-19,600448,2.98,2.97,3.01,2.95,89997.0
2025-03-20,600448,2.98,2.98,3.0,2.95,102291.0
2025-03-21,600448,2.98,2.97,2.99,2.94,108477.0
2025-03-24,600448,2.96,2.79,2.97,2.75,203872.0
2025-03-25,600448,2.77,2.78,2.8,2.71,148917.0
2025-03-26,600448,2.78,2.86,2.88,2.76,151499.0
2025-03-27,600448,2.86,2.87,2.9,2.78,134158.0
2025-03-28,600448,2.87,2.81,2.88,2.79,118509.0
2025-03-31,600448,2.79,2.72,2.79,2.7,135189.0
2025-04-01,600448,2.71,2.78,2.82,2.71,118794.0
2025-04-02,600448,2.76,2.8,2.82,2.75,85684.0
2025-04-03,600448,2.78,2.8,2.81,2.75,91607.0
2025-04-07,600448,2.68,2.52,2.68,2.52,153426.0
2025-04-08,600448,2.49,2.43,2.55,2.39,188269.0
2025-04-09,600448,2.35,2.5,2.52,2.22,170777.0
2025-04-10,600448,2.51,2.59,2.62,2.51,202393.0
2025-04-11,600448,2.57,2.59,2.65,2.55,131314.0
2025-04-14,600448,2.6,2.69,2.73,2.6,171065.0
2025-04-15,600448,2.67,2.69,2.71,2.64,87473.0
2025-04-16,600448,2.69,2.69,2.72,2.61,153177.0
2025-04-17,600448,2.68,2.96,2.96,2.65,793993.0
2025-04-18,600448,2.82,2.74,2.89,2.74,896429.0
2025-04-21,600448,2.7,2.74,2.77,2.68,411874.0
2025-04-22,600448,2.73,2.73,2.75,2.68,370417.0
2025-04-23,600448,2.73,2.69,2.75,2.69,258365.0
2025-04-24,600448,2.69,2.7,2.71,2.64,189749.0
2025-04-25,600448,2.7,2.69,2.73,2.67,154211.0
2025-04-28,600448,2.69,2.62,2.69,2.57,201262.0
2025-04-29,600448,2.61,2.64,2.66,2.58,122846.0
2025-04-30,600448,2.65,2.68,2.75,2.65,166058.0
2025-05-06,600448,2.73,2.95,2.95,2.71,592929.0
2025-05-07,600448,3.25,3.25,3.25,3.16,626752.0
2025-05-08,600448,3.35,3.58,3.58,3.13,1976932.0
2025-05-09,600448,3.94,3.94,3.94,3.82,1021103.0
2025-05-12,600448,4.33,4.1,4.33,3.98,3196045.0
2025-05-13,600448,4.41,4.51,4.51,4.32,2602031.0
2025-05-14,600448,4.06,4.8,4.96,4.06,3537937.0
2025-05-15,600448,4.78,5.24,5.28,4.71,3387645.0
2025-05-16,600448,4.9,5.13,5.47,4.72,3135335.0
2025-05-19,600448,5.15,5.27,5.46,4.93,2799672.0
2025-05-20,600448,5.3,4.87,5.7,4.74,2717463.0
2025-05-21,600448,5.1,4.58,5.17,4.51,2605145.0
2025-05-22,600448,4.28,4.22,4.55,4.12,2133180.0
2025-05-23,600448,4.12,3.91,4.19,3.86,1515022.0
2025-05-26,600448,3.79,3.91,4.03,3.73,1283458.0
2025-05-27,600448,3.86,4.0,4.03,3.81,1434498.0
2025-05-28,600448,3.96,3.71,3.96,3.68,1271763.0
2025-05-29,600448,3.74,3.74,3.78,3.71,889716.0
2025-05-30,600448,3.73,3.6,3.82,3.59,873951.0
2025-06-03,600448,3.59,3.69,3.73,3.59,758988.0
2025-06-04,600448,3.7,3.81,3.92,3.7,1055452.0
2025-06-05,600448,3.8,3.88,3.98,3.73,1247372.0
2025-06-06,600448,3.84,3.67,3.86,3.66,867432.0
2025-06-09,600448,3.71,3.77,3.8,3.7,711023.0
2025-06-10,600448,3.77,3.76,3.88,3.68,982208.0
2025-06-11,600448,3.76,3.96,4.1,3.71,1598304.0
2025-06-12,600448,3.87,3.8,3.89,3.77,963698.0
2025-06-13,600448,3.75,3.53,3.79,3.51,903763.0
2025-06-16,600448,3.5,3.61,3.65,3.47,539164.0
2025-06-17,600448,3.62,3.56,3.64,3.52,429359.0
2025-06-18,600448,3.55,3.48,3.57,3.45,364685.0
2025-06-19,600448,3.48,3.34,3.5,3.32,529338.0
2025-06-20,600448,3.34,3.31,3.37,3.26,426020.0
2025-06-23,600448,3.29,3.38,3.4,3.29,424968.0
2025-06-24,600448,3.4,3.45,3.47,3.38,356586.0
2025-06-25,600448,3.45,3.43,3.48,3.39,405565.0
2025-06-26,600448,3.43,3.44,3.5,3.42,464833.0
2025-06-27,600448,3.44,3.47,3.51,3.42,450348.0
2025-06-30,600448,3.46,3.49,3.55,3.45,385266.0
2025-07-01,600448,3.52,3.49,3.53,3.42,408449.0
2025-07-02,600448,3.48,3.49,3.52,3.45,352741.0
2025-07-03,600448,3.5,3.53,3.66,3.49,645045.0
2025-07-04,600448,3.54,3.44,3.54,3.43,496409.0
2025-07-07,600448,3.47,3.51,3.54,3.43,433710.0
2025-07-08,600448,3.53,3.53,3.59,3.47,446792.0
2025-07-09,600448,3.52,3.5,3.54,3.49,316127.0
2025-07-10,600448,3.5,3.53,3.53,3.46,383359.0
2025-07-11,600448,3.52,3.52,3.56,3.46,439601.0
2025-07-14,600448,3.53,3.52,3.54,3.47,293514.0
2025-07-15,600448,3.47,3.34,3.48,3.28,690047.0
2025-07-16,600448,3.35,3.39,3.42,3.33,368493.0
2025-07-17,600448,3.4,3.38,3.42,3.35,279010.0
2025-07-18,600448,3.38,3.36,3.39,3.33,278657.0
2025-07-21,600448,3.37,3.43,3.43,3.36,378083.0
2025-07-22,600448,3.45,3.43,3.45,3.39,338155.0
2025-07-23,600448,3.42,3.37,3.45,3.37,356008.0
2025-07-24,600448,3.37,3.44,3.47,3.37,414972.0
2025-07-25,600448,3.44,3.44,3.46,3.4,261753.0
2025-07-28,600448,3.47,3.4,3.47,3.39,287002.0
2025-07-29,600448,3.42,3.36,3.45,3.32,383630.0
2025-07-30,600448,3.36,3.37,3.39,3.33,328555.0
2025-07-31,600448,3.36,3.31,3.38,3.3,319075.0
2025-08-01,600448,3.33,3.35,3.38,3.31,303824.0
2025-08-04,600448,3.34,3.35,3.36,3.29,234590.0
2025-08-05,600448,3.36,3.38,3.39,3.35,257820.0
2025-08-06,600448,3.39,3.42,3.42,3.34,336500.0
2025-08-07,600448,3.42,3.4,3.45,3.37,338111.0
2025-08-08,600448,3.4,3.44,3.45,3.35,483388.0
2025-08-11,600448,3.44,3.46,3.46,3.41,334174.0
2025-08-12,600448,3.46,3.48,3.49,3.44,422912.0
2025-08-13,600448,3.48,3.45,3.49,3.43,329002.0
2025-08-14,600448,3.45,3.34,3.46,3.33,387009.0
2025-08-15,600448,3.33,3.38,3.41,3.31,404760.0
2025-08-18,600448,3.39,3.37,3.41,3.36,327049.0
2025-08-19,600448,3.39,3.48,3.49,3.35,653987.0
2025-08-20,600448,3.48,3.51,3.51,3.45,404974.0
2025-08-21,600448,3.51,3.58,3.6,3.5,622997.0
2025-08-22,600448,3.59,3.52,3.59,3.48,435155.0
2025-08-25,600448,3.52,3.49,3.55,3.45,385145.0
2025-08-26,600448,3.49,3.55,3.57,3.46,456255.0
2025-08-27,600448,3.56,3.44,3.6,3.42,453444.0
2025-08-28,600448,3.43,3.39,3.5,3.27,566668.0
2025-08-29,600448,3.39,3.34,3.41,3.33,320459.0
2025-09-01,600448,3.33,3.38,3.43,3.3,353438.0
2025-09-02,600448,3.4,3.44,3.45,3.32,453141.0
2025-09-03,600448,3.49,3.51,3.7,3.47,726429.0
2025-09-04,600448,3.46,3.47,3.54,3.38,630942.0
2025-09-05,600448,3.5,3.48,3.5,3.35,487334.0
2025-09-08,600448,3.46,3.5,3.51,3.45,431047.0
2025-09-09,600448,3.5,3.48,3.53,3.47,356754.0
2025-09-10,600448,3.47,3.59,3.61,3.47,600183.0
2025-09-11,600448,3.59,3.56,3.6,3.48,447177.0
2025-09-12,600448,3.55,3.51,3.57,3.51,335561.0
2025-09-15,600448,3.53,3.58,3.63,3.52,533568.0
2025-09-16,600448,3.58,3.79,3.94,3.57,1603641.0
2025-09-17,600448,3.79,3.82,3.86,3.68,1076406.0
2025-09-18,600448,3.81,3.92,4.11,3.8,1516260.0
2025-09-19,600448,3.88,3.71,3.93,3.67,838158.0
2025-09-22,600448,3.65,3.52,3.73,3.48,771446.0
2025-09-23,600448,3.56,3.4,3.57,3.27,660901.0
2025-09-24,600448,3.38,3.41,3.45,3.34,410672.0
2025-09-25,600448,3.41,3.31,3.41,3.31,356271.0
2025-09-26,600448,3.31,3.34,3.41,3.27,414254.0
2025-09-29,600448,3.33,3.38,3.41,3.27,324204.0
2025-09-30,600448,3.4,3.39,3.42,3.35,241293.0
2025-10-09,600448,3.39,3.38,3.42,3.34,250201.0
2025-10-10,600448,3.37,3.45,3.53,3.35,468580.0
2025-10-13,600448,3.32,3.44,3.45,3.23,344314.0
2025-10-14,600448,3.46,3.48,3.54,3.44,367785.0
2025-10-15,600448,3.49,3.55,3.55,3.46,269626.0
2025-10-16,600448,3.54,3.49,3.56,3.46,305937.0
2025-10-17,600448,3.49,3.45,3.53,3.44,241588.0
2025-10-20,600448,3.47,3.55,3.55,3.46,318948.0
2025-10-21,600448,3.54,3.64,3.65,3.51,349295.0
2025-10-22,600448,3.62,3.66,3.7,3.61,334002.0
2025-10-23,600448,3.67,3.66,3.67,3.59,264974.0
2025-10-24,600448,3.68,3.64,3.72,3.62,264760.0
2025-10-27,600448,3.71,3.62,3.74,3.59,284007.0
2025-10-28,600448,3.64,3.62,3.66,3.59,235178.0
2025-10-29,600448,3.61,3.53,3.61,3.48,276782.0
2025-10-30,600448,3.54,3.51,3.56,3.5,244047.0
2025-10-31,600448,3.5,3.53,3.59,3.49,280769.0
2025-11-03,600448,3.57,3.59,3.62,3.53,254787.0
2025-11-04,600448,3.6,3.61,3.62,3.56,211878.0
2025-11-05,600448,3.6,3.64,3.66,3.58,246694.0
2025-11-06,600448,3.65,3.6,3.66,3.56,252476.0
2025-11-07,600448,3.59,3.62,3.63,3.56,208372.0
2025-11-10,600448,3.62,3.66,3.67,3.59,248390.0
2025-11-11,600448,3.67,3.66,3.67,3.62,240963.0
2025-11-12,600448,3.66,3.65,3.69,3.62,184700.0
2025-11-13,600448,3.65,3.71,3.71,3.62,269979.0
2025-11-14,600448,3.7,3.75,3.77,3.69,242285.0
2025-11-17,600448,3.77,3.75,3.79,3.72,237628.0
2025-11-18,600448,3.75,3.68,3.77,3.63,252564.0
2025-11-19,600448,3.67,3.56,3.68,3.5,322024.0
2025-11-20,600448,3.6,3.5,3.63,3.45,316498.0
2025-11-21,600448,3.48,3.26,3.56,3.26,511331.0
2025-11-24,600448,3.27,3.31,3.33,3.23,341953.0
2025-11-25,600448,3.33,3.35,3.37,3.31,258525.0
2025-11-26,600448,3.34,3.33,3.41,3.31,255132.0
2025-11-27,600448,3.33,3.35,3.38,3.3,199088.0
2025-11-28,600448,3.36,3.43,3.44,3.31,231365.0
2025-12-01,600448,3.43,3.41,3.48,3.39,228721.0
2025-12-02,600448,3.4,3.4,3.4,3.32,172684.0
2025-12-03,600448,3.38,3.34,3.41,3.32,178757.0
2025-12-04,600448,3.34,3.25,3.36,3.24,256454.0
2025-12-05,600448,3.24,3.31,3.32,3.2,233660.0
2025-12-08,600448,3.34,3.34,3.35,3.3,191316.0
2025-12-09,600448,3.36,3.33,3.36,3.28,165165.0
2025-12-10,600448,3.32,3.31,3.35,3.27,185862.0
2025-12-11,600448,3.31,3.14,3.32,3.13,314037.0
2025-12-12,600448,3.13,3.06,3.15,3.03,267506.0
2025-12-15,600448,3.03,3.11,3.13,3.0,212467.0
2025-12-16,600448,3.09,3.07,3.13,3.04,152548.0
2025-12-17,600448,3.06,3.07,3.09,3.0,189435.0
2025-12-18,600448,3.06,3.11,3.15,3.04,209942.0
2025-12-19,600448,3.15,3.21,3.22,3.1,221127.0
2025-12-22,600448,3.24,3.23,3.26,3.19,184208.0
2025-12-23,600448,3.23,3.15,3.24,3.12,180183.0
2025-12-24,600448,3.15,3.16,3.17,3.12,122445.0
2025-12-25,600448,3.16,3.24,3.47,3.16,267405.0
2025-12-26,600448,3.23,3.21,3.25,3.2,230612.0
2025-12-29,600448,3.21,3.19,3.22,3.15,174132.0
2025-12-30,600448,3.19,3.15,3.22,3.13,165867.0
2025-12-31,600448,3.16,3.15,3.17,3.1,179965.0
2026-01-05,600448,3.15,3.19,3.22,3.15,196575.0
2026-01-06,600448,3.21,3.21,3.24,3.17,230058.0
2026-01-07,600448,3.2,3.16,3.22,3.16,168464.0
2026-01-08,600448,3.15,3.21,3.22,3.15,153051.0
2026-01-09,600448,3.21,3.21,3.23,3.18,158167.0
2026-01-12,600448,3.22,3.23,3.25,3.21,177105.0
2026-01-13,600448,3.24,3.26,3.3,3.2,256059.0
2026-01-14,600448,3.26,3.23,3.28,3.18,250332.0
2026-01-15,600448,3.22,3.21,3.23,3.18,162809.0
2026-01-16,600448,3.22,3.18,3.22,3.16,135269.0
2026-01-19,600448,3.18,3.25,3.25,3.17,175463.0
2026-01-20,600448,3.25,3.26,3.28,3.23,148061.0
2026-01-21,600448,3.26,3.28,3.29,3.22,138942.0
2026-01-22,600448,3.28,3.34,3.35,3.26,207270.0
2026-01-23,600448,3.34,3.37,3.37,3.33,155554.0
2026-01-26,600448,3.39,3.34,3.4,3.3,191698.0
2026-01-27,600448,3.34,3.29,3.34,3.22,231957.0
2026-01-28,600448,3.27,3.27,3.31,3.24,168607.0
2026-01-29,600448,3.25,3.26,3.31,3.23,147764.0
2026-01-30,600448,3.24,3.32,3.33,3.23,212774.0
2026-02-02,600448,3.29,3.29,3.37,3.28,275294.0
2026-02-03,600448,3.31,3.34,3.36,3.27,301075.0
2026-02-04,600448,3.34,3.37,3.39,3.3,290995.0
2026-02-05,600448,3.38,3.4,3.44,3.37,200850.0
2026-02-06,600448,3.4,3.42,3.44,3.37,187052.0
2026-02-09,600448,3.44,3.44,3.46,3.41,177701.0
2026-02-10,600448,3.45,3.45,3.47,3.42,196659.0
2026-02-11,600448,3.45,3.46,3.5,3.41,188857.0
2026-02-12,600448,3.46,3.37,3.46,3.35,186375.0
2026-02-13,600448,3.37,3.36,3.42,3.34,170387.0
2026-02-24,600448,3.43,3.47,3.47,3.39,221432.0
2026-02-25,600448,3.47,3.45,3.53,3.44,167534.0
2026-02-26,600448,3.46,3.4,3.48,3.39,159237.0
2026-02-27,600448,3.41,3.41,3.42,3.38,117467.0
2026-03-02,600448,3.39,3.27,3.41,3.24,240467.0
2026-03-03,600448,3.26,3.22,3.32,3.2,212970.0
2026-03-04,600448,3.19,3.19,3.23,3.14,172793.0
2026-03-05,600448,3.24,3.31,3.33,3.24,254385.0
2026-03-06,600448,3.3,3.4,3.41,3.28,247120.0
2026-03-09,600448,3.39,3.34,3.41,3.31,174411.0
2026-03-10,600448,3.37,3.48,3.48,3.36,271752.0
2026-03-11,600448,3.48,3.47,3.5,3.41,177057.0
2026-03-12,600448,3.46,3.42,3.5,3.4,158880.0
2026-03-13,600448,3.4,3.45,3.48,3.38,167590.0
2026-03-16,600448,3.4,3.45,3.56,3.4,302070.0
2026-03-17,600448,3.48,3.39,3.51,3.38,212923.0
2026-03-18,600448,3.41,3.43,3.44,3.36,167162.0
2026-03-19,600448,3.43,3.3,3.44,3.29,192695.0
2026-03-20,600448,3.3,3.16,3.34,3.14,366009.0
2026-03-23,600448,3.11,2.95,3.12,2.9,338306.0
2026-03-24,600448,3.07,3.15,3.17,2.97,324303.0
2026-03-25,600448,3.19,3.3,3.3,3.17,299763.0
2026-03-26,600448,3.29,3.31,3.37,3.28,263649.0
2026-03-27,600448,3.28,3.34,3.36,3.28,196461.0
2026-03-30,600448,3.33,3.39,3.41,3.29,314895.0
2026-03-31,600448,3.39,3.37,3.49,3.36,237386.0
2026-04-01,600448,3.42,3.33,3.43,3.3,220454.0
2026-04-02,600448,3.33,3.26,3.36,3.22,212196.0
2026-04-03,600448,3.26,3.01,3.27,3.01,332668.0
2026-04-07,600448,3.01,3.19,3.2,2.97,287090.0
2026-04-08,600448,3.28,3.28,3.29,3.19,205564.0
2026-04-09,600448,3.35,3.2,3.35,3.17,217218.0
2026-04-10,600448,3.23,3.26,3.32,3.18,183482.0
2026-04-13,600448,3.26,3.27,3.28,3.19,162872.0
2026-04-14,600448,3.29,3.27,3.31,3.19,163025.0
2026-04-15,600448,3.27,3.18,3.27,3.18,140880.0
2026-04-16,600448,3.22,3.27,3.28,3.15,175781.0
2026-04-17,600448,3.27,3.25,3.3,3.21,147210.0
2026-04-20,600448,3.25,3.29,3.3,3.21,157008.0
2026-04-21,600448,3.29,3.37,3.57,3.28,439427.0
2026-04-22,600448,3.3,3.31,3.45,3.29,309237.0
2026-04-23,600448,3.3,3.22,3.31,3.19,245351.0
2026-04-24,600448,3.2,3.29,3.32,3.18,208894.0
2026-04-27,600448,3.27,3.37,3.4,3.24,219800.0
2026-04-28,600448,3.37,3.4,3.45,3.36,212904.0
2026-04-29,600448,3.4,3.5,3.53,3.39,302047.0
2026-04-30,600448,3.52,3.59,3.66,3.49,283047.0
2026-05-06,600448,3.59,3.58,3.66,3.52,308094.0
2026-05-07,600448,3.6,3.55,3.61,3.52,256852.0
2026-05-08,600448,3.6,3.59,3.63,3.52,247129.0
2026-05-11,600448,3.65,3.63,3.66,3.56,281956.0
2026-05-12,600448,3.61,3.58,3.7,3.54,229817.0
2026-05-13,600448,3.56,3.54,3.6,3.52,213660.0
2026-05-14,600448,3.56,3.54,3.59,3.46,231439.0
2026-05-15,600448,3.54,3.47,3.55,3.44,211230.0
2026-05-18,600448,3.5,3.49,3.51,3.37,262292.0
2026-05-19,600448,3.53,3.44,3.54,3.38,177621.0
2026-05-20,600448,3.45,3.38,3.46,3.35,175072.0
2026-05-21,600448,3.4,3.2,3.42,3.18,270534.0
2026-05-22,600448,3.21,3.31,3.32,3.15,292732.0
2026-05-25,600448,3.32,3.22,3.38,3.2,236219.0
2026-05-26,600448,3.21,3.13,3.23,3.08,235281.0
2026-05-27,600448,3.13,3.04,3.13,3.01,291864.0
2026-05-28,600448,3.04,3.08,3.12,3.0,234920.0
2026-05-29,600448,3.08,2.99,3.15,2.98,228648.0
2026-06-01,600448,2.96,3.14,3.15,2.94,280215.0
2026-06-02,600448,3.14,3.05,3.16,3.02,291601.0
2026-06-03,600448,3.05,2.96,3.07,2.93,234472.0
2026-06-04,600448,2.93,2.96,2.99,2.92,203017.0
2026-06-05,600448,2.95,3.07,3.14,2.88,322924.0
2026-06-08,600448,3.01,2.98,3.1,2.93,252574.0
2026-06-09,600448,2.98,2.92,3.0,2.88,204397.0
2026-06-10,600448,2.91,2.93,2.95,2.86,180770.0
2026-06-11,600448,2.89,2.92,2.95,2.86,168137.0
2026-06-12,600448,2.94,2.9,2.95,2.81,231961.0
2026-06-15,600448,2.92,2.83,2.99,2.81,240881.0
2026-06-16,600448,2.85,2.81,2.86,2.72,204742.0
2026-06-17,600448,2.81,2.75,2.82,2.71,163549.0
2026-06-18,600448,2.74,2.72,2.76,2.66,139457.0
2026-06-22,600448,2.72,2.73,2.75,2.61,176480.0
2026-06-23,600448,2.74,2.84,2.89,2.72,256693.0
2026-06-24,600448,2.85,2.66,2.86,2.65,233831.0
2026-06-25,600448,2.67,2.63,2.68,2.6,174907.0
2026-06-26,600448,2.62,2.57,2.63,2.55,161231.0
2026-06-29,600448,2.58,2.56,2.59,2.45,188065.0
2026-06-30,600448,2.55,2.52,2.6,2.49,163141.0
2026-07-01,600448,2.53,2.62,2.65,2.5,240326.0
2026-07-02,600448,2.63,2.61,2.71,2.58,181459.0
2026-07-03,600448,2.64,2.66,2.68,2.57,175415.0
2026-07-06,600448,2.66,2.64,2.72,2.62,128060.0
2026-07-07,600448,2.62,2.54,2.64,2.52,151425.0
2026-07-08,600448,2.55,2.52,2.55,2.47,107653.0
2026-07-09,600448,2.51,2.52,2.58,2.47,146886.0
2026-07-10,600448,2.52,2.6,2.66,2.47,197136.0
2026-07-13,600448,2.59,2.48,2.62,2.47,241879.0
2026-07-14,600448,2.5,2.57,2.57,2.45,165893.0
2026-07-15,600448,2.57,2.62,2.66,2.54,189200.0
2026-07-16,600448,2.63,2.64,2.72,2.56,157524.0
2026-07-17,600448,2.66,2.55,2.72,2.51,185065.0
2026-07-20,600448,2.55,2.46,2.63,2.42,206559.0
2026-07-21,600448,2.45,2.4,2.46,2.32,214242.0
2026-07-22,600448,2.4,2.35,2.43,2.33,171921.0
2026-07-23,600448,2.34,2.45,2.46,2.32,206437.0
2026-07-24,600448,2.44,2.4,2.45,2.36,109421.0
2026-07-27,600448,2.39,2.47,2.49,2.37,142046.0
2026-07-28,600448,2.44,2.51,2.55,2.44,126842.0
2026-07-29,600448,2.52,2.57,2.6,2.5,151799.0
2026-07-30,600448,2.58,2.6,2.65,2.55,149982.0
2026-07-31,600448,2.6,2.64,2.65,2.56,130322.0
2026-08-03,600448,2.66,2.74,2.75,2.64,180713.0
2026-08-04,600448,2.75,2.77,2.79,2.73,140336.0
2026-08-05,600448,2.79,2.75,2.81,2.72,137500.0
2026-08-06,600448,2.74,2.79,2.8,2.71,128380.0
2026-08-07,600448,2.8,2.75,2.8,2.68,113249.0
2026-08-10,600448,2.76,2.86,2.87,2.73,120636.0
2026-08-11,600448,2.87,2.88,2.88,2.81,97180.0
